fecha,anio,mes,mes_nombre,estacion,ciudad,temperatura,humedad,precipitacion_mm,viento_kmh,llovio
2024-01-01,2024,1,Jan,Verano,Bariloche,16.3,66.6,0.0,17.0,False
2024-01-02,2024,1,Jan,Verano,Bariloche,17.2,72.7,0.0,5.2,False
2024-01-03,2024,1,Jan,Verano,Bariloche,18.7,63.5,0.0,16.0,False
2024-01-04,2024,1,Jan,Verano,Bariloche,18.0,59.4,0.0,8.1,False
2024-01-06,2024,1,Jan,Verano,Bariloche,14.1,66.2,3.4,9.2,True
2024-01-07,2024,1,Jan,Verano,Bariloche,15.9,57.8,0.0,15.9,False
2024-01-08,2024,1,Jan,Verano,Bariloche,14.4,67.7,5.1,0.0,True
2024-01-09,2024,1,Jan,Verano,Bariloche,19.6,73.2,0.0,19.2,False
2024-01-10,2024,1,Jan,Verano,Bariloche,17.3,71.5,0.1,18.2,True
2024-01-11,2024,1,Jan,Verano,Bariloche,18.4,58.1,0.0,19.6,False
2024-01-12,2024,1,Jan,Verano,Bariloche,16.5,76.1,1.7,7.4,True
2024-01-14,2024,1,Jan,Verano,Bariloche,20.8,66.5,7.3,2.9,True
2024-01-15,2024,1,Jan,Verano,Bariloche,14.3,65.1,6.3,12.3,True
2024-01-16,2024,1,Jan,Verano,Bariloche,18.6,73.8,0.0,21.5,False
2024-01-17,2024,1,Jan,Verano,Bariloche,17.6,77.2,0.0,12.7,False
2024-01-18,2024,1,Jan,Verano,Bariloche,18.9,70.7,6.9,17.0,True
2024-01-19,2024,1,Jan,Verano,Bariloche,14.7,66.2,0.0,23.1,False
2024-01-21,2024,1,Jan,Verano,Bariloche,13.1,71.7,0.0,2.6,False
2024-01-22,2024,1,Jan,Verano,Bariloche,15.0,63.7,7.6,25.3,True
2024-01-23,2024,1,Jan,Verano,Bariloche,18.0,54.7,0.0,16.6,False
2024-01-24,2024,1,Jan,Verano,Bariloche,17.9,49.7,0.0,12.0,False
2024-01-25,2024,1,Jan,Verano,Bariloche,15.6,75.4,0.7,4.9,True
2024-01-27,2024,1,Jan,Verano,Bariloche,17.9,70.8,0.0,2.8,False
2024-01-28,2024,1,Jan,Verano,Bariloche,15.9,68.6,0.0,16.7,False
2024-01-29,2024,1,Jan,Verano,Bariloche,16.7,63.0,0.0,16.7,False
2024-01-30,2024,1,Jan,Verano,Bariloche,14.6,67.6,0.0,16.7,False
2024-01-31,2024,1,Jan,Verano,Bariloche,16.4,61.5,7.6,15.1,True
2024-02-01,2024,2,Feb,Verano,Bariloche,17.7,65.5,0.0,10.2,False
2024-02-02,2024,2,Feb,Verano,Bariloche,18.6,64.5,0.0,4.6,False
2024-02-03,2024,2,Feb,Verano,Bariloche,19.6,63.5,0.0,12.3,False
2024-02-04,2024,2,Feb,Verano,Bariloche,20.3,60.4,0.0,13.0,False
2024-02-05,2024,2,Feb,Verano,Bariloche,15.0,64.3,0.0,11.9,False
2024-02-06,2024,2,Feb,Verano,Bariloche,16.2,63.1,16.9,4.9,True
2024-02-07,2024,2,Feb,Verano,Bariloche,17.1,81.4,0.0,10.2,False
2024-02-08,2024,2,Feb,Verano,Bariloche,17.1,65.4,0.0,15.4,False
2024-02-09,2024,2,Feb,Verano,Bariloche,17.8,57.3,0.0,24.2,False
2024-02-10,2024,2,Feb,Verano,Bariloche,20.6,70.3,0.0,18.7,False
2024-02-11,2024,2,Feb,Verano,Bariloche,17.4,69.4,0.0,12.5,False
2024-02-12,2024,2,Feb,Verano,Bariloche,15.6,76.9,0.0,12.9,False
2024-02-13,2024,2,Feb,Verano,Bariloche,16.5,65.2,0.0,21.3,False
2024-02-14,2024,2,Feb,Verano,Bariloche,17.4,53.5,0.3,23.0,True
2024-02-15,2024,2,Feb,Verano,Bariloche,14.4,78.2,0.0,18.7,False
2024-02-16,2024,2,Feb,Verano,Bariloche,15.5,72.4,0.0,14.4,False
2024-02-17,2024,2,Feb,Verano,Bariloche,15.0,65.5,22.3,20.5,True
2024-02-18,2024,2,Feb,Verano,Bariloche,16.6,58.6,2.9,0.5,True
2024-02-19,2024,2,Feb,Verano,Bariloche,18.4,65.3,0.0,12.0,False
2024-02-20,2024,2,Feb,Verano,Bariloche,16.4,69.9,4.0,20.3,True
2024-02-21,2024,2,Feb,Verano,Bariloche,19.1,64.1,14.4,10.3,True
2024-02-22,2024,2,Feb,Verano,Bariloche,16.4,65.2,0.0,10.6,False
2024-02-23,2024,2,Feb,Verano,Bariloche,15.0,68.8,0.0,10.9,False
2024-02-24,2024,2,Feb,Verano,Bariloche,15.3,64.8,12.4,13.5,True
2024-02-25,2024,2,Feb,Verano,Bariloche,15.0,54.3,0.0,23.0,False
2024-02-26,2024,2,Feb,Verano,Bariloche,11.2,71.0,0.0,16.8,False
2024-02-27,2024,2,Feb,Verano,Bariloche,14.3,75.1,4.4,1.2,True
2024-02-28,2024,2,Feb,Verano,Bariloche,15.8,72.1,2.1,13.3,True
2024-02-29,2024,2,Feb,Verano,Bariloche,12.7,75.2,1.9,11.8,True
2024-03-01,2024,3,Mar,Otonio,Bariloche,8.2,65.5,4.0,6.6,True
2024-03-02,2024,3,Mar,Otonio,Bariloche,14.8,79.2,0.0,15.9,False
2024-03-03,2024,3,Mar,Otonio,Bariloche,14.0,67.3,3.6,24.2,True
2024-03-04,2024,3,Mar,Otonio,Bariloche,12.4,81.2,8.2,8.8,True
2024-03-05,2024,3,Mar,Otonio,Bariloche,15.4,66.1,0.0,8.0,False
2024-03-06,2024,3,Mar,Otonio,Bariloche,15.2,57.1,0.0,11.0,False
2024-03-07,2024,3,Mar,Otonio,Bariloche,15.1,76.7,0.0,7.4,False
2024-03-08,2024,3,Mar,Otonio,Bariloche,13.2,62.7,0.0,22.0,False
2024-03-09,2024,3,Mar,Otonio,Bariloche,13.0,67.4,0.0,19.4,False
2024-03-10,2024,3,Mar,Otonio,Bariloche,17.7,65.8,0.0,18.3,False
2024-03-11,2024,3,Mar,Otonio,Bariloche,10.7,83.3,0.0,18.3,False
2024-03-12,2024,3,Mar,Otonio,Bariloche,9.3,66.2,0.0,16.6,False
2024-03-13,2024,3,Mar,Otonio,Bariloche,10.5,73.6,0.0,8.3,False
2024-03-14,2024,3,Mar,Otonio,Bariloche,11.7,63.2,0.0,19.0,False
2024-03-15,2024,3,Mar,Otonio,Bariloche,12.1,76.6,0.0,24.0,False
2024-03-16,2024,3,Mar,Otonio,Bariloche,13.5,75.4,0.0,24.7,False
2024-03-17,2024,3,Mar,Otonio,Bariloche,14.9,63.5,9.4,17.7,True
2024-03-18,2024,3,Mar,Otonio,Bariloche,9.8,63.2,1.1,18.3,True
2024-03-19,2024,3,Mar,Otonio,Bariloche,15.0,72.3,10.6,12.3,True
2024-03-20,2024,3,Mar,Otonio,Bariloche,7.8,68.1,0.0,17.2,False
2024-03-21,2024,3,Mar,Otonio,Bariloche,10.0,85.2,0.0,10.7,False
2024-03-22,2024,3,Mar,Otonio,Bariloche,10.3,71.7,17.7,14.5,True
2024-03-23,2024,3,Mar,Otonio,Bariloche,15.7,85.7,0.0,4.0,False
2024-03-24,2024,3,Mar,Otonio,Bariloche,14.3,68.7,10.0,18.6,True
2024-03-25,2024,3,Mar,Otonio,Bariloche,12.4,55.3,0.0,14.7,False
2024-03-26,2024,3,Mar,Otonio,Bariloche,12.1,79.8,0.0,21.0,False
2024-03-27,2024,3,Mar,Otonio,Bariloche,13.7,64.7,0.0,21.3,False
2024-03-28,2024,3,Mar,Otonio,Bariloche,15.3,79.8,0.0,6.5,False
2024-03-29,2024,3,Mar,Otonio,Bariloche,9.4,74.4,14.2,15.4,True
2024-03-30,2024,3,Mar,Otonio,Bariloche,12.6,68.9,0.0,8.8,False
2024-03-31,2024,3,Mar,Otonio,Bariloche,10.2,72.9,10.0,6.2,True
2024-04-01,2024,4,Apr,Otonio,Bariloche,9.3,71.0,0.0,12.2,False
2024-04-02,2024,4,Apr,Otonio,Bariloche,11.0,75.3,0.0,14.6,False
2024-04-03,2024,4,Apr,Otonio,Bariloche,8.8,82.3,0.0,4.5,False
2024-04-04,2024,4,Apr,Otonio,Bariloche,9.8,73.2,0.8,22.5,True
2024-04-07,2024,4,Apr,Otonio,Bariloche,9.3,64.0,0.0,16.0,False
2024-04-08,2024,4,Apr,Otonio,Bariloche,12.4,79.9,0.0,14.0,False
2024-04-09,2024,4,Apr,Otonio,Bariloche,12.2,77.4,0.2,16.4,True
2024-04-11,2024,4,Apr,Otonio,Bariloche,9.9,71.2,0.0,18.7,False
2024-04-12,2024,4,Apr,Otonio,Bariloche,7.6,72.4,0.9,21.1,True
2024-04-13,2024,4,Apr,Otonio,Bariloche,14.3,77.1,0.0,6.4,False
2024-04-14,2024,4,Apr,Otonio,Bariloche,9.2,67.2,0.0,9.0,False
2024-04-15,2024,4,Apr,Otonio,Bariloche,6.7,78.7,0.0,15.4,False
2024-04-16,2024,4,Apr,Otonio,Bariloche,10.1,77.8,0.0,10.9,False
2024-04-17,2024,4,Apr,Otonio,Bariloche,13.5,76.9,0.0,8.5,False
2024-04-18,2024,4,Apr,Otonio,Bariloche,10.2,70.3,3.0,7.8,True
2024-04-19,2024,4,Apr,Otonio,Bariloche,11.2,64.6,0.0,23.8,False
2024-04-20,2024,4,Apr,Otonio,Bariloche,3.4,63.0,0.0,10.9,False
2024-04-21,2024,4,Apr,Otonio,Bariloche,7.5,75.9,0.0,14.5,False
2024-04-22,2024,4,Apr,Otonio,Bariloche,7.7,68.6,0.0,16.7,False
2024-04-23,2024,4,Apr,Otonio,Bariloche,5.8,63.4,0.0,3.9,False
2024-04-24,2024,4,Apr,Otonio,Bariloche,3.9,61.9,0.0,26.0,False
2024-04-25,2024,4,Apr,Otonio,Bariloche,5.9,74.2,0.0,17.1,False
2024-04-26,2024,4,Apr,Otonio,Bariloche,7.4,70.2,0.0,3.2,False
2024-04-27,2024,4,Apr,Otonio,Bariloche,10.7,66.3,0.0,11.8,False
2024-04-29,2024,4,Apr,Otonio,Bariloche,9.7,74.9,13.0,20.2,True
2024-04-30,2024,4,Apr,Otonio,Bariloche,5.2,73.9,0.0,12.8,False
2024-05-01,2024,5,May,Otonio,Bariloche,8.6,67.2,0.0,11.4,False
2024-05-02,2024,5,May,Otonio,Bariloche,5.1,74.8,0.0,11.5,False
2024-05-03,2024,5,May,Otonio,Bariloche,9.9,91.7,0.0,11.6,False
2024-05-04,2024,5,May,Otonio,Bariloche,5.4,80.8,0.0,16.6,False
2024-05-05,2024,5,May,Otonio,Bariloche,0.8,79.1,0.0,14.8,False
2024-05-06,2024,5,May,Otonio,Bariloche,9.2,73.1,0.0,10.0,False
2024-05-07,2024,5,May,Otonio,Bariloche,5.2,89.8,0.0,9.0,False
2024-05-08,2024,5,May,Otonio,Bariloche,6.2,69.2,0.0,6.2,False
2024-05-09,2024,5,May,Otonio,Bariloche,6.3,69.1,0.0,13.5,False
2024-05-10,2024,5,May,Otonio,Bariloche,6.4,83.7,0.0,15.5,False
2024-05-11,2024,5,May,Otonio,Bariloche,8.6,77.7,0.0,20.6,False
2024-05-12,2024,5,May,Otonio,Bariloche,2.1,88.2,0.0,27.6,False
2024-05-13,2024,5,May,Otonio,Bariloche,7.3,78.9,0.0,6.3,False
2024-05-14,2024,5,May,Otonio,Bariloche,8.3,76.2,0.0,18.2,False
2024-05-15,2024,5,May,Otonio,Bariloche,2.6,73.6,1.6,9.2,True
2024-05-16,2024,5,May,Otonio,Bariloche,3.9,64.5,4.1,0.0,True
2024-05-17,2024,5,May,Otonio,Bariloche,9.4,83.3,5.6,11.7,True
2024-05-18,2024,5,May,Otonio,Bariloche,8.5,89.9,0.0,17.3,False
2024-05-19,2024,5,May,Otonio,Bariloche,4.8,91.6,23.3,17.6,True
2024-05-20,2024,5,May,Otonio,Bariloche,3.4,81.4,1.5,4.2,True
2024-05-21,2024,5,May,Otonio,Bariloche,4.6,77.4,3.9,14.8,True
2024-05-22,2024,5,May,Otonio,Bariloche,2.5,75.8,8.9,7.3,True
2024-05-23,2024,5,May,Otonio,Bariloche,8.1,53.9,3.3,12.1,True
2024-05-24,2024,5,May,Otonio,Bariloche,4.3,79.2,0.0,8.5,False
2024-05-25,2024,5,May,Otonio,Bariloche,0.4,72.5,12.8,12.7,True
2024-05-26,2024,5,May,Otonio,Bariloche,5.0,90.7,0.0,8.6,False
2024-05-27,2024,5,May,Otonio,Bariloche,0.8,79.3,0.0,11.9,False
2024-05-28,2024,5,May,Otonio,Bariloche,2.5,64.4,0.0,10.4,False
2024-05-29,2024,5,May,Otonio,Bariloche,5.9,71.0,0.0,23.6,False
2024-05-30,2024,5,May,Otonio,Bariloche,4.4,79.3,0.0,15.0,False
2024-05-31,2024,5,May,Otonio,Bariloche,2.5,73.5,0.0,7.6,False
2024-06-01,2024,6,Jun,Invierno,Bariloche,4.3,55.7,0.0,16.4,False
2024-06-02,2024,6,Jun,Invierno,Bariloche,1.3,67.7,23.9,12.3,True
2024-06-03,2024,6,Jun,Invierno,Bariloche,6.1,66.4,0.0,3.0,False
2024-06-04,2024,6,Jun,Invierno,Bariloche,0.6,87.8,0.0,25.1,False
2024-06-05,2024,6,Jun,Invierno,Bariloche,7.5,88.6,10.8,13.7,True
2024-06-06,2024,6,Jun,Invierno,Bariloche,2.4,78.5,9.5,22.7,True
2024-06-07,2024,6,Jun,Invierno,Bariloche,5.7,78.4,0.0,12.4,False
2024-06-08,2024,6,Jun,Invierno,Bariloche,8.0,72.8,0.0,10.3,False
2024-06-09,2024,6,Jun,Invierno,Bariloche,3.3,96.1,0.1,12.5,True
2024-06-10,2024,6,Jun,Invierno,Bariloche,2.4,81.2,5.1,14.7,True
2024-06-11,2024,6,Jun,Invierno,Bariloche,2.9,70.1,0.0,17.5,False
2024-06-12,2024,6,Jun,Invierno,Bariloche,-3.2,75.9,15.8,14.3,True
2024-06-13,2024,6,Jun,Invierno,Bariloche,4.3,77.7,0.0,12.2,False
2024-06-14,2024,6,Jun,Invierno,Bariloche,5.0,78.8,0.0,14.6,False
2024-06-15,2024,6,Jun,Invierno,Bariloche,0.8,70.0,2.3,17.1,True
2024-06-16,2024,6,Jun,Invierno,Bariloche,-2.0,68.0,0.0,25.2,False
2024-06-17,2024,6,Jun,Invierno,Bariloche,2.1,66.1,2.7,21.4,True
2024-06-18,2024,6,Jun,Invierno,Bariloche,1.0,85.0,0.0,17.6,False
2024-06-19,2024,6,Jun,Invierno,Bariloche,1.6,84.5,0.0,21.6,False
2024-06-20,2024,6,Jun,Invierno,Bariloche,4.3,68.7,0.0,20.0,False
2024-06-21,2024,6,Jun,Invierno,Bariloche,1.1,80.2,1.2,14.0,True
2024-06-22,2024,6,Jun,Invierno,Bariloche,4.2,82.8,0.0,18.6,False
2024-06-23,2024,6,Jun,Invierno,Bariloche,-0.1,85.3,0.0,17.4,False
2024-06-24,2024,6,Jun,Invierno,Bariloche,2.0,84.7,0.0,9.8,False
2024-06-25,2024,6,Jun,Invierno,Bariloche,-0.7,74.4,0.0,17.2,False
2024-06-26,2024,6,Jun,Invierno,Bariloche,5.0,76.9,4.5,5.2,True
2024-06-27,2024,6,Jun,Invierno,Bariloche,4.2,82.9,4.2,9.0,True
2024-06-28,2024,6,Jun,Invierno,Bariloche,-0.0,77.7,0.0,14.5,False
2024-06-29,2024,6,Jun,Invierno,Bariloche,2.2,78.9,0.0,5.0,False
2024-06-30,2024,6,Jun,Invierno,Bariloche,-1.3,76.6,2.3,9.6,True
2024-07-01,2024,7,Jul,Invierno,Bariloche,3.4,72.1,0.0,18.7,False
2024-07-02,2024,7,Jul,Invierno,Bariloche,0.3,80.1,9.4,17.3,True
2024-07-03,2024,7,Jul,Invierno,Bariloche,3.2,79.8,5.6,15.0,True
2024-07-04,2024,7,Jul,Invierno,Bariloche,6.0,74.0,0.0,9.6,False
2024-07-05,2024,7,Jul,Invierno,Bariloche,0.8,79.6,0.0,18.4,False
2024-07-06,2024,7,Jul,Invierno,Bariloche,2.4,75.8,0.0,16.0,False
2024-07-07,2024,7,Jul,Invierno,Bariloche,2.0,71.2,0.0,7.1,False
2024-07-08,2024,7,Jul,Invierno,Bariloche,2.9,76.4,10.1,14.4,True
2024-07-09,2024,7,Jul,Invierno,Bariloche,3.7,76.3,0.0,16.0,False
2024-07-10,2024,7,Jul,Invierno,Bariloche,0.3,66.2,0.0,15.3,False
2024-07-11,2024,7,Jul,Invierno,Bariloche,6.5,79.1,0.0,16.3,False
2024-07-12,2024,7,Jul,Invierno,Bariloche,1.8,72.2,0.0,15.9,False
2024-07-13,2024,7,Jul,Invierno,Bariloche,3.7,85.5,0.0,16.2,False
2024-07-14,2024,7,Jul,Invierno,Bariloche,2.3,75.2,0.0,8.4,False
2024-07-15,2024,7,Jul,Invierno,Bariloche,3.3,88.6,2.3,13.2,True
2024-07-16,2024,7,Jul,Invierno,Bariloche,1.7,72.8,0.1,15.4,True
2024-07-17,2024,7,Jul,Invierno,Bariloche,1.9,77.3,0.0,17.5,False
2024-07-18,2024,7,Jul,Invierno,Bariloche,-1.7,55.2,0.0,19.7,False
2024-07-19,2024,7,Jul,Invierno,Bariloche,-0.4,95.5,32.5,12.9,True
2024-07-20,2024,7,Jul,Invierno,Bariloche,0.8,84.9,0.0,24.2,False
2024-07-21,2024,7,Jul,Invierno,Bariloche,4.1,73.9,13.7,8.0,True
2024-07-22,2024,7,Jul,Invierno,Bariloche,5.1,63.7,0.0,12.3,False
2024-07-23,2024,7,Jul,Invierno,Bariloche,-3.4,78.1,0.0,14.0,False
2024-07-24,2024,7,Jul,Invierno,Bariloche,1.1,75.1,1.8,17.7,True
2024-07-25,2024,7,Jul,Invierno,Bariloche,-2.0,73.7,19.7,15.0,True
2024-07-26,2024,7,Jul,Invierno,Bariloche,2.6,78.1,0.0,12.3,False
2024-07-27,2024,7,Jul,Invierno,Bariloche,-1.0,75.5,0.0,6.6,False
2024-07-28,2024,7,Jul,Invierno,Bariloche,-2.1,88.5,0.3,18.8,True
2024-07-29,2024,7,Jul,Invierno,Bariloche,1.0,73.2,0.0,9.8,False
2024-07-30,2024,7,Jul,Invierno,Bariloche,0.9,77.7,0.0,26.3,False
2024-07-31,2024,7,Jul,Invierno,Bariloche,0.8,88.9,0.0,15.9,False
2024-08-01,2024,8,Aug,Invierno,Bariloche,1.3,80.6,0.0,18.9,False
2024-08-02,2024,8,Aug,Invierno,Bariloche,2.0,72.3,0.1,5.5,True
2024-08-03,2024,8,Aug,Invierno,Bariloche,0.3,72.5,0.0,20.2,False
2024-08-04,2024,8,Aug,Invierno,Bariloche,-0.3,70.6,1.7,3.4,True
2024-08-05,2024,8,Aug,Invierno,Bariloche,2.5,62.0,0.0,6.6,False
2024-08-06,2024,8,Aug,Invierno,Bariloche,1.5,84.0,0.9,8.8,True
2024-08-07,2024,8,Aug,Invierno,Bariloche,-0.7,69.3,0.0,11.0,False
2024-08-08,2024,8,Aug,Invierno,Bariloche,2.3,69.5,0.6,15.1,True
2024-08-09,2024,8,Aug,Invierno,Bariloche,4.6,81.3,15.4,11.5,True
2024-08-10,2024,8,Aug,Invierno,Bariloche,1.8,75.5,0.0,10.2,False
2024-08-11,2024,8,Aug,Invierno,Bariloche,-0.1,69.7,0.0,5.2,False
2024-08-12,2024,8,Aug,Invierno,Bariloche,-0.8,77.7,0.0,10.9,False
2024-08-13,2024,8,Aug,Invierno,Bariloche,-0.0,88.0,0.0,14.1,False
2024-08-14,2024,8,Aug,Invierno,Bariloche,-0.2,79.7,0.0,12.7,False
2024-08-15,2024,8,Aug,Invierno,Bariloche,0.4,72.3,24.9,13.4,True
2024-08-16,2024,8,Aug,Invierno,Bariloche,1.9,79.6,1.6,17.3,True
2024-08-17,2024,8,Aug,Invierno,Bariloche,1.9,79.5,31.8,10.7,True
2024-08-19,2024,8,Aug,Invierno,Bariloche,1.6,78.4,0.0,19.2,False
2024-08-20,2024,8,Aug,Invierno,Bariloche,1.6,71.9,8.1,8.2,True
2024-08-21,2024,8,Aug,Invierno,Bariloche,1.7,85.9,0.0,16.3,False
2024-08-23,2024,8,Aug,Invierno,Bariloche,6.4,68.1,0.0,22.4,False
2024-08-24,2024,8,Aug,Invierno,Bariloche,2.4,64.4,0.0,12.0,False
2024-08-25,2024,8,Aug,Invierno,Bariloche,4.6,67.0,7.5,20.9,True
2024-08-26,2024,8,Aug,Invierno,Bariloche,1.6,64.7,1.3,10.8,True
2024-08-27,2024,8,Aug,Invierno,Bariloche,2.5,67.2,0.0,13.7,False
2024-08-28,2024,8,Aug,Invierno,Bariloche,4.6,69.2,0.0,14.8,False
2024-08-29,2024,8,Aug,Invierno,Bariloche,5.4,64.5,19.9,14.9,True
2024-08-30,2024,8,Aug,Invierno,Bariloche,0.9,63.7,0.0,16.3,False
2024-08-31,2024,8,Aug,Invierno,Bariloche,3.1,80.4,0.0,23.1,False
2024-09-01,2024,9,Sep,Primavera,Bariloche,0.2,73.8,0.0,13.1,False
2024-09-02,2024,9,Sep,Primavera,Bariloche,5.4,77.7,0.0,13.4,False
2024-09-03,2024,9,Sep,Primavera,Bariloche,-1.1,74.0,0.0,23.1,False
2024-09-04,2024,9,Sep,Primavera,Bariloche,4.7,70.9,0.0,20.4,False
2024-09-05,2024,9,Sep,Primavera,Bariloche,3.1,83.2,0.0,15.0,False
2024-09-06,2024,9,Sep,Primavera,Bariloche,5.3,81.4,0.0,17.7,False
2024-09-07,2024,9,Sep,Primavera,Bariloche,2.9,74.0,0.0,10.7,False
2024-09-08,2024,9,Sep,Primavera,Bariloche,4.3,69.0,0.0,21.7,False
2024-09-09,2024,9,Sep,Primavera,Bariloche,5.7,69.0,0.0,10.1,False
2024-09-10,2024,9,Sep,Primavera,Bariloche,2.4,73.9,27.4,24.0,True
2024-09-11,2024,9,Sep,Primavera,Bariloche,2.7,54.0,0.0,25.1,False
2024-09-12,2024,9,Sep,Primavera,Bariloche,5.2,71.9,1.8,4.3,True
2024-09-13,2024,9,Sep,Primavera,Bariloche,7.0,78.3,0.0,16.8,False
2024-09-14,2024,9,Sep,Primavera,Bariloche,3.4,86.7,0.0,18.0,False
2024-09-15,2024,9,Sep,Primavera,Bariloche,5.2,77.6,8.4,11.9,True
2024-09-16,2024,9,Sep,Primavera,Bariloche,3.5,77.4,0.0,21.4,False
2024-09-17,2024,9,Sep,Primavera,Bariloche,7.9,73.6,16.3,14.6,True
2024-09-18,2024,9,Sep,Primavera,Bariloche,5.1,71.6,0.0,16.2,False
2024-09-19,2024,9,Sep,Primavera,Bariloche,6.7,67.5,0.0,7.0,False
2024-09-20,2024,9,Sep,Primavera,Bariloche,6.8,79.1,0.0,2.7,False
2024-09-21,2024,9,Sep,Primavera,Bariloche,4.2,89.1,0.0,16.0,False
2024-09-22,2024,9,Sep,Primavera,Bariloche,6.3,60.4,10.4,15.2,True
2024-09-23,2024,9,Sep,Primavera,Bariloche,5.3,68.2,0.0,26.1,False
2024-09-24,2024,9,Sep,Primavera,Bariloche,9.0,70.6,0.0,7.4,False
2024-09-25,2024,9,Sep,Primavera,Bariloche,6.5,74.7,0.0,17.4,False
2024-09-26,2024,9,Sep,Primavera,Bariloche,4.2,84.5,0.0,23.8,False
2024-09-27,2024,9,Sep,Primavera,Bariloche,2.1,76.4,0.0,17.3,False
2024-09-28,2024,9,Sep,Primavera,Bariloche,5.5,88.8,0.0,9.4,False
2024-09-29,2024,9,Sep,Primavera,Bariloche,7.8,59.7,21.6,14.0,True
2024-09-30,2024,9,Sep,Primavera,Bariloche,8.8,82.7,5.2,8.8,True
2024-10-01,2024,10,Oct,Primavera,Bariloche,8.4,71.3,6.4,13.4,True
2024-10-02,2024,10,Oct,Primavera,Bariloche,11.0,92.2,5.3,16.3,True
2024-10-03,2024,10,Oct,Primavera,Bariloche,5.7,72.0,14.5,9.7,True
2024-10-04,2024,10,Oct,Primavera,Bariloche,6.2,85.5,6.9,14.2,True
2024-10-05,2024,10,Oct,Primavera,Bariloche,10.3,71.1,4.4,13.6,True
2024-10-06,2024,10,Oct,Primavera,Bariloche,6.6,86.2,3.0,25.1,True
2024-10-07,2024,10,Oct,Primavera,Bariloche,7.3,66.1,11.6,15.7,True
2024-10-08,2024,10,Oct,Primavera,Bariloche,10.3,64.1,0.0,20.0,False
2024-10-09,2024,10,Oct,Primavera,Bariloche,5.7,49.8,0.0,8.2,False
2024-10-10,2024,10,Oct,Primavera,Bariloche,5.8,79.4,0.0,13.8,False
2024-10-11,2024,10,Oct,Primavera,Bariloche,4.9,74.7,15.3,18.2,True
2024-10-12,2024,10,Oct,Primavera,Bariloche,14.8,71.4,0.0,16.4,False
2024-10-13,2024,10,Oct,Primavera,Bariloche,9.3,67.8,0.0,7.9,False
2024-10-14,2024,10,Oct,Primavera,Bariloche,9.4,83.8,0.0,16.7,False
2024-10-15,2024,10,Oct,Primavera,Bariloche,9.6,78.7,0.0,8.3,False
2024-10-16,2024,10,Oct,Primavera,Bariloche,9.9,64.0,0.0,10.2,False
2024-10-17,2024,10,Oct,Primavera,Bariloche,11.0,80.8,1.6,13.0,True
2024-10-18,2024,10,Oct,Primavera,Bariloche,13.0,76.2,3.2,6.1,True
2024-10-19,2024,10,Oct,Primavera,Bariloche,7.0,70.8,0.0,11.7,False
2024-10-20,2024,10,Oct,Primavera,Bariloche,9.0,76.6,0.0,9.8,False
2024-10-21,2024,10,Oct,Primavera,Bariloche,9.1,71.9,4.7,14.5,True
2024-10-22,2024,10,Oct,Primavera,Bariloche,10.1,72.0,0.0,8.8,False
2024-10-23,2024,10,Oct,Primavera,Bariloche,12.6,68.2,0.0,7.4,False
2024-10-24,2024,10,Oct,Primavera,Bariloche,13.4,70.3,9.7,15.3,True
2024-10-25,2024,10,Oct,Primavera,Bariloche,11.7,66.4,0.0,13.0,False
2024-10-26,2024,10,Oct,Primavera,Bariloche,9.2,72.2,0.0,7.5,False
2024-10-27,2024,10,Oct,Primavera,Bariloche,13.6,78.0,0.0,21.3,False
2024-10-28,2024,10,Oct,Primavera,Bariloche,9.7,79.3,23.6,12.9,True
2024-10-29,2024,10,Oct,Primavera,Bariloche,9.5,81.5,0.0,12.4,False
2024-10-30,2024,10,Oct,Primavera,Bariloche,7.7,83.7,0.5,11.8,True
2024-10-31,2024,10,Oct,Primavera,Bariloche,10.7,55.5,3.5,10.4,True
2024-11-01,2024,11,Nov,Primavera,Bariloche,11.0,78.2,7.3,15.2,True
2024-11-02,2024,11,Nov,Primavera,Bariloche,9.5,84.8,0.0,14.8,False
2024-11-03,2024,11,Nov,Primavera,Bariloche,5.8,68.1,0.0,14.6,False
2024-11-04,2024,11,Nov,Primavera,Bariloche,11.6,73.0,0.0,15.5,False
2024-11-05,2024,11,Nov,Primavera,Bariloche,12.9,80.9,0.0,16.2,False
2024-11-06,2024,11,Nov,Primavera,Bariloche,8.6,49.1,0.0,9.4,False
2024-11-07,2024,11,Nov,Primavera,Bariloche,12.0,52.5,0.0,21.9,False
2024-11-08,2024,11,Nov,Primavera,Bariloche,13.4,66.2,0.0,2.8,False
2024-11-09,2024,11,Nov,Primavera,Bariloche,12.6,79.1,1.7,13.4,True
2024-11-10,2024,11,Nov,Primavera,Bariloche,11.6,64.0,0.0,4.7,False
2024-11-11,2024,11,Nov,Primavera,Bariloche,12.3,65.9,0.0,8.2,False
2024-11-12,2024,11,Nov,Primavera,Bariloche,9.8,69.2,0.0,24.9,False
2024-11-13,2024,11,Nov,Primavera,Bariloche,12.1,71.8,1.6,10.9,True
2024-11-14,2024,11,Nov,Primavera,Bariloche,11.9,72.4,0.0,6.1,False
2024-11-15,2024,11,Nov,Primavera,Bariloche,17.4,68.2,0.0,9.1,False
2024-11-16,2024,11,Nov,Primavera,Bariloche,8.0,65.4,0.0,12.2,False
2024-11-17,2024,11,Nov,Primavera,Bariloche,14.9,74.7,0.0,15.1,False
2024-11-18,2024,11,Nov,Primavera,Bariloche,6.8,73.8,25.5,15.5,True
2024-11-19,2024,11,Nov,Primavera,Bariloche,11.2,72.0,0.0,8.2,False
2024-11-20,2024,11,Nov,Primavera,Bariloche,11.9,70.3,4.6,3.8,True
2024-11-21,2024,11,Nov,Primavera,Bariloche,13.9,64.4,27.2,12.5,True
2024-11-22,2024,11,Nov,Primavera,Bariloche,13.5,72.4,0.0,14.3,False
2024-11-23,2024,11,Nov,Primavera,Bariloche,16.0,83.7,0.0,11.1,False
2024-11-24,2024,11,Nov,Primavera,Bariloche,18.5,87.1,0.0,14.0,False
2024-11-25,2024,11,Nov,Primavera,Bariloche,16.8,57.8,0.0,17.1,False
2024-11-26,2024,11,Nov,Primavera,Bariloche,14.6,84.1,0.0,4.6,False
2024-11-27,2024,11,Nov,Primavera,Bariloche,17.4,63.7,0.0,17.0,False
2024-11-28,2024,11,Nov,Primavera,Bariloche,12.6,53.3,0.0,22.7,False
2024-11-29,2024,11,Nov,Primavera,Bariloche,14.4,53.8,0.0,19.4,False
2024-11-30,2024,11,Nov,Primavera,Bariloche,13.0,62.7,0.0,15.0,False
2024-12-01,2024,12,Dec,Verano,Bariloche,19.6,66.3,0.0,13.7,False
2024-12-02,2024,12,Dec,Verano,Bariloche,18.8,69.9,0.0,9.0,False
2024-12-03,2024,12,Dec,Verano,Bariloche,18.1,67.5,0.0,8.7,False
2024-12-04,2024,12,Dec,Verano,Bariloche,14.3,72.6,0.0,18.6,False
2024-12-05,2024,12,Dec,Verano,Bariloche,14.5,67.7,6.0,17.0,True
2024-12-06,2024,12,Dec,Verano,Bariloche,12.8,75.5,0.0,4.6,False
2024-12-07,2024,12,Dec,Verano,Bariloche,12.7,67.3,1.7,2.0,True
2024-12-08,2024,12,Dec,Verano,Bariloche,15.2,51.0,0.0,21.0,False
2024-12-09,2024,12,Dec,Verano,Bariloche,17.7,61.7,0.0,15.2,False
2024-12-12,2024,12,Dec,Verano,Bariloche,16.0,55.6,0.0,11.7,False
2024-12-13,2024,12,Dec,Verano,Bariloche,14.3,56.6,0.0,9.9,False
2024-12-14,2024,12,Dec,Verano,Bariloche,13.7,57.6,0.0,15.8,False
2024-12-15,2024,12,Dec,Verano,Bariloche,15.8,58.6,0.0,8.6,False
2024-12-16,2024,12,Dec,Verano,Bariloche,17.1,70.7,0.0,22.4,False
2024-12-17,2024,12,Dec,Verano,Bariloche,13.8,64.4,0.0,13.0,False
2024-12-18,2024,12,Dec,Verano,Bariloche,16.1,66.7,9.5,9.4,True
2024-12-19,2024,12,Dec,Verano,Bariloche,18.5,62.7,0.0,19.4,False
2024-12-20,2024,12,Dec,Verano,Bariloche,18.3,76.2,0.0,17.3,False
2024-12-21,2024,12,Dec,Verano,Bariloche,13.8,73.5,11.1,15.2,True
2024-12-22,2024,12,Dec,Verano,Bariloche,12.7,71.4,0.0,19.2,False
2024-12-23,2024,12,Dec,Verano,Bariloche,12.5,68.7,0.0,19.7,False
2024-12-25,2024,12,Dec,Verano,Bariloche,15.3,51.0,5.0,14.3,True
2024-12-26,2024,12,Dec,Verano,Bariloche,17.5,73.0,12.0,17.5,True
2024-12-27,2024,12,Dec,Verano,Bariloche,18.1,69.7,0.0,9.1,False
2024-12-28,2024,12,Dec,Verano,Bariloche,20.7,75.1,0.0,10.8,False
2024-12-29,2024,12,Dec,Verano,Bariloche,16.8,61.8,0.0,15.3,False
2024-12-30,2024,12,Dec,Verano,Bariloche,17.6,52.7,9.4,11.0,True
2024-12-31,2024,12,Dec,Verano,Bariloche,17.6,67.8,0.0,20.3,False
2024-01-01,2024,1,Jan,Verano,Buenos Aires,27.8,62.0,0.0,7.3,False
2024-01-02,2024,1,Jan,Verano,Buenos Aires,27.5,65.4,0.0,20.1,False
2024-01-03,2024,1,Jan,Verano,Buenos Aires,25.8,67.4,1.6,15.5,True
2024-01-04,2024,1,Jan,Verano,Buenos Aires,22.6,49.3,0.0,10.6,False
2024-01-06,2024,1,Jan,Verano,Buenos Aires,26.4,63.6,0.0,5.5,False
2024-01-07,2024,1,Jan,Verano,Buenos Aires,27.2,58.9,0.5,10.4,True
2024-01-08,2024,1,Jan,Verano,Buenos Aires,29.0,65.4,0.0,14.6,False
2024-01-09,2024,1,Jan,Verano,Buenos Aires,26.9,54.6,19.2,18.9,True
2024-01-10,2024,1,Jan,Verano,Buenos Aires,24.3,64.7,0.0,2.2,False
2024-01-11,2024,1,Jan,Verano,Buenos Aires,25.3,70.1,0.0,5.9,False
2024-01-12,2024,1,Jan,Verano,Buenos Aires,26.3,51.2,0.0,9.7,False
2024-01-13,2024,1,Jan,Verano,Buenos Aires,24.0,56.0,0.0,15.9,False
2024-01-14,2024,1,Jan,Verano,Buenos Aires,26.2,57.6,13.5,17.7,True
2024-01-15,2024,1,Jan,Verano,Buenos Aires,29.3,54.2,0.0,12.8,False
2024-01-16,2024,1,Jan,Verano,Buenos Aires,25.6,50.9,3.0,20.6,True
2024-01-17,2024,1,Jan,Verano,Buenos Aires,29.6,55.8,0.0,15.4,False
2024-01-18,2024,1,Jan,Verano,Buenos Aires,29.2,65.9,0.0,10.1,False
2024-01-19,2024,1,Jan,Verano,Buenos Aires,30.3,64.8,0.0,0.0,False
2024-01-20,2024,1,Jan,Verano,Buenos Aires,28.8,63.7,0.0,12.2,False
2024-01-21,2024,1,Jan,Verano,Buenos Aires,28.9,63.2,4.2,9.3,True
2024-01-22,2024,1,Jan,Verano,Buenos Aires,28.6,61.3,21.2,11.4,True
2024-01-23,2024,1,Jan,Verano,Buenos Aires,28.0,72.3,0.0,10.8,False
2024-01-24,2024,1,Jan,Verano,Buenos Aires,28.0,63.8,0.0,19.8,False
2024-01-25,2024,1,Jan,Verano,Buenos Aires,26.2,52.8,2.1,21.6,True
2024-01-26,2024,1,Jan,Verano,Buenos Aires,26.2,41.8,1.0,16.1,True
2024-01-27,2024,1,Jan,Verano,Buenos Aires,27.8,61.8,0.0,25.3,False
2024-01-28,2024,1,Jan,Verano,Buenos Aires,27.2,65.2,0.0,13.6,False
2024-01-29,2024,1,Jan,Verano,Buenos Aires,26.7,49.8,0.0,14.4,False
2024-01-30,2024,1,Jan,Verano,Buenos Aires,32.1,61.6,5.4,15.8,True
2024-01-31,2024,1,Jan,Verano,Buenos Aires,29.2,69.2,10.4,22.4,True
2024-02-01,2024,2,Feb,Verano,Buenos Aires,23.5,67.9,14.4,27.1,True
2024-02-02,2024,2,Feb,Verano,Buenos Aires,24.4,58.7,7.2,4.7,True
2024-02-03,2024,2,Feb,Verano,Buenos Aires,26.7,54.8,0.0,16.8,False
2024-02-04,2024,2,Feb,Verano,Buenos Aires,27.8,62.0,3.3,11.9,True
2024-02-05,2024,2,Feb,Verano,Buenos Aires,27.6,71.7,0.0,17.2,False
2024-02-06,2024,2,Feb,Verano,Buenos Aires,22.8,64.8,18.2,15.6,True
2024-02-07,2024,2,Feb,Verano,Buenos Aires,28.0,53.5,0.0,6.1,False
2024-02-08,2024,2,Feb,Verano,Buenos Aires,27.6,73.2,1.4,15.4,True
2024-02-09,2024,2,Feb,Verano,Buenos Aires,28.0,64.9,0.0,6.7,False
2024-02-10,2024,2,Feb,Verano,Buenos Aires,23.5,68.7,0.0,9.5,False
2024-02-11,2024,2,Feb,Verano,Buenos Aires,23.6,69.7,0.0,21.6,False
2024-02-12,2024,2,Feb,Verano,Buenos Aires,27.8,78.7,3.7,8.7,True
2024-02-13,2024,2,Feb,Verano,Buenos Aires,24.1,63.0,0.0,16.0,False
2024-02-14,2024,2,Feb,Verano,Buenos Aires,28.5,68.0,0.0,12.4,False
2024-02-15,2024,2,Feb,Verano,Buenos Aires,31.7,68.7,0.2,8.9,True
2024-02-16,2024,2,Feb,Verano,Buenos Aires,23.3,67.6,0.0,13.3,False
2024-02-17,2024,2,Feb,Verano,Buenos Aires,27.2,60.2,0.0,18.7,False
2024-02-18,2024,2,Feb,Verano,Buenos Aires,24.5,70.7,6.5,15.0,True
2024-02-19,2024,2,Feb,Verano,Buenos Aires,26.3,56.8,0.0,14.9,False
2024-02-20,2024,2,Feb,Verano,Buenos Aires,27.7,64.3,0.0,20.5,False
2024-02-21,2024,2,Feb,Verano,Buenos Aires,27.6,53.0,0.0,8.4,False
2024-02-22,2024,2,Feb,Verano,Buenos Aires,25.8,66.1,0.0,17.1,False
2024-02-23,2024,2,Feb,Verano,Buenos Aires,33.5,68.7,0.0,20.8,False
2024-02-24,2024,2,Feb,Verano,Buenos Aires,25.5,65.5,0.0,9.4,False
2024-02-25,2024,2,Feb,Verano,Buenos Aires,24.3,66.3,0.0,14.5,False
2024-02-26,2024,2,Feb,Verano,Buenos Aires,20.8,67.1,0.0,11.2,False
2024-02-27,2024,2,Feb,Verano,Buenos Aires,27.0,64.8,0.0,7.5,False
2024-02-28,2024,2,Feb,Verano,Buenos Aires,25.7,54.2,0.4,28.3,True
2024-02-29,2024,2,Feb,Verano,Buenos Aires,28.5,75.3,0.0,19.0,False
2024-03-01,2024,3,Mar,Otonio,Buenos Aires,24.5,66.0,0.0,11.3,False
2024-03-02,2024,3,Mar,Otonio,Buenos Aires,20.5,58.4,1.4,24.0,True
2024-03-03,2024,3,Mar,Otonio,Buenos Aires,24.8,51.7,0.0,6.4,False
2024-03-04,2024,3,Mar,Otonio,Buenos Aires,26.0,81.7,0.0,20.2,False
2024-03-05,2024,3,Mar,Otonio,Buenos Aires,22.3,54.5,0.0,16.7,False
2024-03-06,2024,3,Mar,Otonio,Buenos Aires,25.5,57.4,0.0,13.6,False
2024-03-07,2024,3,Mar,Otonio,Buenos Aires,23.0,64.0,0.0,23.8,False
2024-03-08,2024,3,Mar,Otonio,Buenos Aires,20.4,61.4,0.0,14.8,False
2024-03-09,2024,3,Mar,Otonio,Buenos Aires,23.5,83.8,0.0,8.1,False
2024-03-10,2024,3,Mar,Otonio,Buenos Aires,23.4,77.1,7.1,10.4,True
2024-03-11,2024,3,Mar,Otonio,Buenos Aires,23.4,70.4,0.0,10.3,False
2024-03-12,2024,3,Mar,Otonio,Buenos Aires,27.6,70.7,0.0,14.4,False
2024-03-13,2024,3,Mar,Otonio,Buenos Aires,23.5,60.3,3.1,10.5,True
2024-03-14,2024,3,Mar,Otonio,Buenos Aires,24.6,68.2,0.0,9.8,False
2024-03-15,2024,3,Mar,Otonio,Buenos Aires,23.4,70.1,0.0,9.0,False
2024-03-16,2024,3,Mar,Otonio,Buenos Aires,21.2,71.5,0.0,17.7,False
2024-03-17,2024,3,Mar,Otonio,Buenos Aires,18.4,55.8,0.0,17.3,False
2024-03-18,2024,3,Mar,Otonio,Buenos Aires,21.8,63.9,0.0,20.6,False
2024-03-19,2024,3,Mar,Otonio,Buenos Aires,21.2,67.8,0.0,21.8,False
2024-03-20,2024,3,Mar,Otonio,Buenos Aires,22.0,71.3,0.0,12.1,False
2024-03-21,2024,3,Mar,Otonio,Buenos Aires,21.2,61.0,0.0,14.6,False
2024-03-22,2024,3,Mar,Otonio,Buenos Aires,22.6,59.4,3.2,26.6,True
2024-03-23,2024,3,Mar,Otonio,Buenos Aires,24.1,72.4,0.0,9.8,False
2024-03-24,2024,3,Mar,Otonio,Buenos Aires,21.3,49.4,0.0,24.6,False
2024-03-25,2024,3,Mar,Otonio,Buenos Aires,19.4,63.6,11.5,9.1,True
2024-03-26,2024,3,Mar,Otonio,Buenos Aires,21.6,68.3,13.8,11.0,True
2024-03-27,2024,3,Mar,Otonio,Buenos Aires,19.9,68.2,34.5,5.3,True
2024-03-28,2024,3,Mar,Otonio,Buenos Aires,17.7,73.6,0.0,12.7,False
2024-03-29,2024,3,Mar,Otonio,Buenos Aires,16.2,79.1,0.0,13.9,False
2024-03-30,2024,3,Mar,Otonio,Buenos Aires,18.3,66.5,1.0,12.3,True
2024-03-31,2024,3,Mar,Otonio,Buenos Aires,21.0,60.1,0.0,17.0,False
2024-04-01,2024,4,Apr,Otonio,Buenos Aires,20.4,55.2,0.0,8.9,False
2024-04-02,2024,4,Apr,Otonio,Buenos Aires,20.5,67.0,6.5,14.1,True
2024-04-03,2024,4,Apr,Otonio,Buenos Aires,21.0,74.3,0.0,19.8,False
2024-04-04,2024,4,Apr,Otonio,Buenos Aires,22.4,81.6,0.0,27.1,False
2024-04-05,2024,4,Apr,Otonio,Buenos Aires,17.8,60.4,0.0,10.4,False
2024-04-06,2024,4,Apr,Otonio,Buenos Aires,21.7,52.7,29.3,2.5,True
2024-04-07,2024,4,Apr,Otonio,Buenos Aires,20.1,71.9,19.3,19.8,True
2024-04-08,2024,4,Apr,Otonio,Buenos Aires,20.8,79.2,0.0,21.1,False
2024-04-09,2024,4,Apr,Otonio,Buenos Aires,17.9,53.8,0.0,12.8,False
2024-04-10,2024,4,Apr,Otonio,Buenos Aires,19.4,69.8,0.0,4.4,False
2024-04-11,2024,4,Apr,Otonio,Buenos Aires,17.3,67.7,0.0,14.3,False
2024-04-12,2024,4,Apr,Otonio,Buenos Aires,17.8,54.9,24.6,5.8,True
2024-04-13,2024,4,Apr,Otonio,Buenos Aires,19.5,76.3,0.0,23.2,False
2024-04-14,2024,4,Apr,Otonio,Buenos Aires,18.9,61.9,0.0,14.7,False
2024-04-15,2024,4,Apr,Otonio,Buenos Aires,21.5,69.3,0.0,20.9,False
2024-04-16,2024,4,Apr,Otonio,Buenos Aires,17.3,75.8,0.2,17.9,True
2024-04-18,2024,4,Apr,Otonio,Buenos Aires,19.9,54.2,0.0,19.3,False
2024-04-20,2024,4,Apr,Otonio,Buenos Aires,20.8,57.4,0.0,13.9,False
2024-04-21,2024,4,Apr,Otonio,Buenos Aires,18.9,66.2,0.0,4.0,False
2024-04-22,2024,4,Apr,Otonio,Buenos Aires,12.4,67.9,0.0,13.3,False
2024-04-23,2024,4,Apr,Otonio,Buenos Aires,16.6,59.9,0.0,16.9,False
2024-04-24,2024,4,Apr,Otonio,Buenos Aires,16.5,76.4,0.0,11.3,False
2024-04-25,2024,4,Apr,Otonio,Buenos Aires,15.5,62.3,1.0,10.6,True
2024-04-26,2024,4,Apr,Otonio,Buenos Aires,13.2,67.4,0.0,25.8,False
2024-04-27,2024,4,Apr,Otonio,Buenos Aires,13.8,63.4,0.0,15.3,False
2024-04-30,2024,4,Apr,Otonio,Buenos Aires,14.4,51.7,0.0,17.5,False
2024-05-01,2024,5,May,Otonio,Buenos Aires,16.3,94.0,4.7,20.7,True
2024-05-02,2024,5,May,Otonio,Buenos Aires,11.9,85.9,3.8,10.1,True
2024-05-03,2024,5,May,Otonio,Buenos Aires,12.9,77.7,0.0,19.3,False
2024-05-04,2024,5,May,Otonio,Buenos Aires,13.2,69.6,0.0,23.1,False
2024-05-05,2024,5,May,Otonio,Buenos Aires,16.2,77.3,0.0,12.9,False
2024-05-06,2024,5,May,Otonio,Buenos Aires,16.9,85.0,0.0,14.2,False
2024-05-07,2024,5,May,Otonio,Buenos Aires,15.0,66.9,2.3,12.6,True
2024-05-08,2024,5,May,Otonio,Buenos Aires,13.7,66.6,1.5,0.0,True
2024-05-09,2024,5,May,Otonio,Buenos Aires,15.9,73.1,0.0,13.5,False
2024-05-10,2024,5,May,Otonio,Buenos Aires,13.0,76.1,8.8,14.6,True
2024-05-11,2024,5,May,Otonio,Buenos Aires,15.8,56.8,0.0,9.4,False
2024-05-12,2024,5,May,Otonio,Buenos Aires,14.9,62.2,0.0,4.2,False
2024-05-13,2024,5,May,Otonio,Buenos Aires,14.0,61.4,7.0,8.6,True
2024-05-14,2024,5,May,Otonio,Buenos Aires,13.6,60.7,0.0,13.1,False
2024-05-15,2024,5,May,Otonio,Buenos Aires,12.7,65.6,0.0,18.6,False
2024-05-16,2024,5,May,Otonio,Buenos Aires,14.6,82.1,0.0,3.4,False
2024-05-17,2024,5,May,Otonio,Buenos Aires,14.4,72.0,0.6,14.5,True
2024-05-18,2024,5,May,Otonio,Buenos Aires,14.3,69.4,0.0,16.0,False
2024-05-19,2024,5,May,Otonio,Buenos Aires,12.2,66.8,13.5,11.4,True
2024-05-20,2024,5,May,Otonio,Buenos Aires,13.6,87.4,0.0,16.6,False
2024-05-21,2024,5,May,Otonio,Buenos Aires,14.9,68.9,0.0,21.8,False
2024-05-22,2024,5,May,Otonio,Buenos Aires,8.6,68.1,0.0,4.5,False
2024-05-23,2024,5,May,Otonio,Buenos Aires,12.6,69.1,0.0,4.8,False
2024-05-24,2024,5,May,Otonio,Buenos Aires,13.0,77.3,22.5,5.1,True
2024-05-25,2024,5,May,Otonio,Buenos Aires,13.6,73.9,0.0,11.5,False
2024-05-26,2024,5,May,Otonio,Buenos Aires,14.3,71.9,0.0,11.2,False
2024-05-27,2024,5,May,Otonio,Buenos Aires,10.2,77.9,6.7,8.9,True
2024-05-28,2024,5,May,Otonio,Buenos Aires,13.0,74.0,0.0,21.7,False
2024-05-29,2024,5,May,Otonio,Buenos Aires,10.9,68.0,0.0,10.7,False
2024-05-30,2024,5,May,Otonio,Buenos Aires,13.6,82.3,0.0,4.2,False
2024-05-31,2024,5,May,Otonio,Buenos Aires,12.2,63.1,0.0,10.9,False
2024-06-01,2024,6,Jun,Invierno,Buenos Aires,7.6,83.6,0.0,15.1,False
2024-06-02,2024,6,Jun,Invierno,Buenos Aires,17.2,70.0,0.0,14.3,False
2024-06-03,2024,6,Jun,Invierno,Buenos Aires,11.5,77.5,0.0,15.3,False
2024-06-04,2024,6,Jun,Invierno,Buenos Aires,12.2,73.8,0.0,7.2,False
2024-06-05,2024,6,Jun,Invierno,Buenos Aires,14.6,67.7,0.0,13.5,False
2024-06-06,2024,6,Jun,Invierno,Buenos Aires,12.7,92.2,0.0,16.3,False
2024-06-07,2024,6,Jun,Invierno,Buenos Aires,10.6,68.5,0.0,19.1,False
2024-06-08,2024,6,Jun,Invierno,Buenos Aires,5.7,70.2,0.0,17.8,False
2024-06-09,2024,6,Jun,Invierno,Buenos Aires,10.0,85.4,4.8,12.5,True
2024-06-10,2024,6,Jun,Invierno,Buenos Aires,10.0,50.5,0.0,13.7,False
2024-06-11,2024,6,Jun,Invierno,Buenos Aires,9.0,57.4,0.0,12.4,False
2024-06-12,2024,6,Jun,Invierno,Buenos Aires,8.0,92.8,11.1,14.4,True
2024-06-13,2024,6,Jun,Invierno,Buenos Aires,10.8,71.1,1.7,13.8,True
2024-06-14,2024,6,Jun,Invierno,Buenos Aires,9.1,66.6,0.0,14.6,False
2024-06-15,2024,6,Jun,Invierno,Buenos Aires,7.4,68.1,0.0,21.5,False
2024-06-16,2024,6,Jun,Invierno,Buenos Aires,5.6,69.6,0.0,16.6,False
2024-06-17,2024,6,Jun,Invierno,Buenos Aires,9.7,76.6,8.3,11.8,True
2024-06-18,2024,6,Jun,Invierno,Buenos Aires,9.8,76.3,0.0,9.4,False
2024-06-19,2024,6,Jun,Invierno,Buenos Aires,11.5,69.5,0.9,10.9,True
2024-06-20,2024,6,Jun,Invierno,Buenos Aires,10.9,62.7,2.2,18.3,True
2024-06-21,2024,6,Jun,Invierno,Buenos Aires,11.4,76.1,0.0,23.9,False
2024-06-22,2024,6,Jun,Invierno,Buenos Aires,7.5,67.3,0.0,8.4,False
2024-06-23,2024,6,Jun,Invierno,Buenos Aires,10.4,62.6,0.0,6.6,False
2024-06-24,2024,6,Jun,Invierno,Buenos Aires,7.8,83.2,7.8,3.5,True
2024-06-25,2024,6,Jun,Invierno,Buenos Aires,12.3,55.3,0.0,15.3,False
2024-06-26,2024,6,Jun,Invierno,Buenos Aires,9.3,68.4,0.0,16.4,False
2024-06-27,2024,6,Jun,Invierno,Buenos Aires,11.6,72.5,0.0,11.8,False
2024-06-28,2024,6,Jun,Invierno,Buenos Aires,9.3,75.2,0.0,3.7,False
2024-06-29,2024,6,Jun,Invierno,Buenos Aires,8.0,69.5,0.0,14.1,False
2024-06-30,2024,6,Jun,Invierno,Buenos Aires,10.1,67.2,19.7,9.3,True
2024-07-01,2024,7,Jul,Invierno,Buenos Aires,9.7,65.0,6.5,20.2,True
2024-07-02,2024,7,Jul,Invierno,Buenos Aires,10.3,74.9,0.0,19.9,False
2024-07-03,2024,7,Jul,Invierno,Buenos Aires,7.0,71.4,0.0,3.0,False
2024-07-04,2024,7,Jul,Invierno,Buenos Aires,6.4,67.9,10.7,14.2,True
2024-07-05,2024,7,Jul,Invierno,Buenos Aires,9.6,66.9,3.9,8.5,True
2024-07-06,2024,7,Jul,Invierno,Buenos Aires,6.1,65.1,0.0,8.6,False
2024-07-07,2024,7,Jul,Invierno,Buenos Aires,13.7,70.5,0.0,8.8,False
2024-07-08,2024,7,Jul,Invierno,Buenos Aires,10.6,68.4,0.0,14.7,False
2024-07-09,2024,7,Jul,Invierno,Buenos Aires,5.3,80.9,0.0,13.8,False
2024-07-10,2024,7,Jul,Invierno,Buenos Aires,7.8,68.0,13.7,24.9,True
2024-07-11,2024,7,Jul,Invierno,Buenos Aires,10.4,80.8,7.1,9.6,True
2024-07-12,2024,7,Jul,Invierno,Buenos Aires,8.5,72.4,6.2,17.7,True
2024-07-13,2024,7,Jul,Invierno,Buenos Aires,9.9,77.9,0.0,21.7,False
2024-07-14,2024,7,Jul,Invierno,Buenos Aires,11.3,76.2,0.0,17.8,False
2024-07-15,2024,7,Jul,Invierno,Buenos Aires,9.9,74.4,6.7,7.5,True
2024-07-16,2024,7,Jul,Invierno,Buenos Aires,11.3,72.7,0.0,18.1,False
2024-07-17,2024,7,Jul,Invierno,Buenos Aires,8.0,80.1,0.0,14.6,False
2024-07-18,2024,7,Jul,Invierno,Buenos Aires,8.0,69.5,9.5,12.1,True
2024-07-19,2024,7,Jul,Invierno,Buenos Aires,11.8,65.8,3.0,22.7,True
2024-07-20,2024,7,Jul,Invierno,Buenos Aires,9.5,81.2,0.0,5.1,False
2024-07-21,2024,7,Jul,Invierno,Buenos Aires,6.1,77.7,16.3,18.3,True
2024-07-22,2024,7,Jul,Invierno,Buenos Aires,9.2,82.8,0.0,9.9,False
2024-07-23,2024,7,Jul,Invierno,Buenos Aires,14.1,70.1,0.0,3.9,False
2024-07-24,2024,7,Jul,Invierno,Buenos Aires,5.2,66.0,3.5,18.8,True
2024-07-25,2024,7,Jul,Invierno,Buenos Aires,6.9,64.5,0.3,2.4,True
2024-07-26,2024,7,Jul,Invierno,Buenos Aires,6.5,64.4,0.0,18.1,False
2024-07-27,2024,7,Jul,Invierno,Buenos Aires,11.3,71.2,0.0,27.9,False
2024-07-28,2024,7,Jul,Invierno,Buenos Aires,7.7,82.2,0.0,23.7,False
2024-07-29,2024,7,Jul,Invierno,Buenos Aires,9.8,68.6,0.0,10.2,False
2024-07-30,2024,7,Jul,Invierno,Buenos Aires,11.9,84.2,0.0,10.6,False
2024-07-31,2024,7,Jul,Invierno,Buenos Aires,10.1,69.8,2.0,28.1,True
2024-08-01,2024,8,Aug,Invierno,Buenos Aires,11.4,66.1,0.0,15.0,False
2024-08-02,2024,8,Aug,Invierno,Buenos Aires,8.1,69.7,0.0,17.3,False
2024-08-03,2024,8,Aug,Invierno,Buenos Aires,11.8,65.9,0.0,14.6,False
2024-08-04,2024,8,Aug,Invierno,Buenos Aires,6.5,66.9,0.0,9.0,False
2024-08-05,2024,8,Aug,Invierno,Buenos Aires,9.5,78.2,15.2,7.6,True
2024-08-06,2024,8,Aug,Invierno,Buenos Aires,2.0,65.7,0.0,11.1,False
2024-08-07,2024,8,Aug,Invierno,Buenos Aires,12.0,78.1,0.0,25.1,False
2024-08-08,2024,8,Aug,Invierno,Buenos Aires,11.0,81.5,0.0,16.4,False
2024-08-09,2024,8,Aug,Invierno,Buenos Aires,11.4,76.6,0.0,12.8,False
2024-08-11,2024,8,Aug,Invierno,Buenos Aires,10.2,82.1,13.6,9.1,True
2024-08-12,2024,8,Aug,Invierno,Buenos Aires,10.1,82.7,2.7,15.1,True
2024-08-13,2024,8,Aug,Invierno,Buenos Aires,10.2,61.5,0.0,18.5,False
2024-08-14,2024,8,Aug,Invierno,Buenos Aires,13.4,74.1,11.5,17.2,True
2024-08-15,2024,8,Aug,Invierno,Buenos Aires,10.3,82.0,0.0,5.4,False
2024-08-16,2024,8,Aug,Invierno,Buenos Aires,10.6,73.8,0.0,11.8,False
2024-08-17,2024,8,Aug,Invierno,Buenos Aires,10.8,57.8,0.0,19.8,False
2024-08-18,2024,8,Aug,Invierno,Buenos Aires,9.2,75.2,0.0,13.2,False
2024-08-19,2024,8,Aug,Invierno,Buenos Aires,6.1,78.0,0.0,12.3,False
2024-08-20,2024,8,Aug,Invierno,Buenos Aires,7.4,54.5,12.7,11.5,True
2024-08-21,2024,8,Aug,Invierno,Buenos Aires,12.3,74.0,0.0,10.6,False
2024-08-22,2024,8,Aug,Invierno,Buenos Aires,10.3,62.8,0.0,25.1,False
2024-08-23,2024,8,Aug,Invierno,Buenos Aires,8.6,59.7,0.0,9.8,False
2024-08-24,2024,8,Aug,Invierno,Buenos Aires,13.0,70.2,0.0,14.4,False
2024-08-25,2024,8,Aug,Invierno,Buenos Aires,10.6,79.4,0.0,11.9,False
2024-08-26,2024,8,Aug,Invierno,Buenos Aires,12.0,75.4,0.0,16.8,False
2024-08-27,2024,8,Aug,Invierno,Buenos Aires,12.6,64.2,20.3,15.9,True
2024-08-28,2024,8,Aug,Invierno,Buenos Aires,14.2,75.6,0.0,9.9,False
2024-08-29,2024,8,Aug,Invierno,Buenos Aires,13.8,71.3,7.0,5.4,True
2024-08-30,2024,8,Aug,Invierno,Buenos Aires,13.5,66.3,0.0,12.3,False
2024-08-31,2024,8,Aug,Invierno,Buenos Aires,11.7,70.1,0.0,9.9,False
2024-09-01,2024,9,Sep,Primavera,Buenos Aires,8.4,77.5,0.0,16.2,False
2024-09-02,2024,9,Sep,Primavera,Buenos Aires,13.0,71.2,2.2,10.6,True
2024-09-03,2024,9,Sep,Primavera,Buenos Aires,17.4,71.1,0.0,12.7,False
2024-09-04,2024,9,Sep,Primavera,Buenos Aires,12.3,72.9,3.5,1.7,True
2024-09-05,2024,9,Sep,Primavera,Buenos Aires,10.1,68.9,0.0,19.9,False
2024-09-06,2024,9,Sep,Primavera,Buenos Aires,13.8,67.1,8.1,19.6,True
2024-09-07,2024,9,Sep,Primavera,Buenos Aires,16.5,73.9,0.0,19.4,False
2024-09-08,2024,9,Sep,Primavera,Buenos Aires,14.1,79.4,18.0,10.8,True
2024-09-09,2024,9,Sep,Primavera,Buenos Aires,15.7,72.5,0.0,16.4,False
2024-09-10,2024,9,Sep,Primavera,Buenos Aires,17.7,67.9,2.3,15.2,True
2024-09-11,2024,9,Sep,Primavera,Buenos Aires,10.8,66.5,0.0,13.9,False
2024-09-12,2024,9,Sep,Primavera,Buenos Aires,17.9,68.9,44.9,16.6,True
2024-09-13,2024,9,Sep,Primavera,Buenos Aires,13.4,71.3,9.1,12.5,True
2024-09-14,2024,9,Sep,Primavera,Buenos Aires,9.8,73.7,0.0,17.9,False
2024-09-15,2024,9,Sep,Primavera,Buenos Aires,9.5,63.2,0.0,15.3,False
2024-09-16,2024,9,Sep,Primavera,Buenos Aires,16.0,83.8,0.0,11.2,False
2024-09-17,2024,9,Sep,Primavera,Buenos Aires,10.3,65.7,0.0,22.9,False
2024-09-18,2024,9,Sep,Primavera,Buenos Aires,17.0,65.2,0.0,16.4,False
2024-09-19,2024,9,Sep,Primavera,Buenos Aires,14.9,67.8,0.0,17.3,False
2024-09-20,2024,9,Sep,Primavera,Buenos Aires,13.5,76.2,0.0,0.0,False
2024-09-21,2024,9,Sep,Primavera,Buenos Aires,11.9,72.5,0.0,6.2,False
2024-09-22,2024,9,Sep,Primavera,Buenos Aires,17.1,66.2,0.0,16.1,False
2024-09-23,2024,9,Sep,Primavera,Buenos Aires,11.3,67.6,0.0,1.4,False
2024-09-24,2024,9,Sep,Primavera,Buenos Aires,15.4,67.7,7.7,21.4,True
2024-09-25,2024,9,Sep,Primavera,Buenos Aires,13.2,73.8,0.3,19.1,True
2024-09-26,2024,9,Sep,Primavera,Buenos Aires,17.8,79.3,0.0,13.5,False
2024-09-27,2024,9,Sep,Primavera,Buenos Aires,17.6,71.4,0.9,13.6,True
2024-09-28,2024,9,Sep,Primavera,Buenos Aires,15.4,75.2,1.0,14.3,True
2024-09-29,2024,9,Sep,Primavera,Buenos Aires,17.2,68.7,0.0,10.5,False
2024-09-30,2024,9,Sep,Primavera,Buenos Aires,15.8,70.4,0.0,16.7,False
2024-10-01,2024,10,Oct,Primavera,Buenos Aires,18.1,46.0,0.0,8.8,False
2024-10-02,2024,10,Oct,Primavera,Buenos Aires,16.9,61.6,0.0,17.9,False
2024-10-03,2024,10,Oct,Primavera,Buenos Aires,14.8,84.3,0.0,17.3,False
2024-10-04,2024,10,Oct,Primavera,Buenos Aires,14.3,68.7,0.0,26.0,False
2024-10-05,2024,10,Oct,Primavera,Buenos Aires,16.9,71.3,21.4,20.6,True
2024-10-06,2024,10,Oct,Primavera,Buenos Aires,19.3,73.9,0.0,7.1,False
2024-10-07,2024,10,Oct,Primavera,Buenos Aires,15.1,71.0,0.0,11.8,False
2024-10-08,2024,10,Oct,Primavera,Buenos Aires,17.7,71.2,0.0,16.5,False
2024-10-09,2024,10,Oct,Primavera,Buenos Aires,18.4,71.3,0.0,21.1,False
2024-10-10,2024,10,Oct,Primavera,Buenos Aires,14.6,73.2,0.0,18.2,False
2024-10-11,2024,10,Oct,Primavera,Buenos Aires,20.3,66.2,6.3,6.3,True
2024-10-12,2024,10,Oct,Primavera,Buenos Aires,14.0,61.2,0.0,23.3,False
2024-10-13,2024,10,Oct,Primavera,Buenos Aires,16.3,57.6,0.6,23.9,True
2024-10-14,2024,10,Oct,Primavera,Buenos Aires,20.1,62.6,0.0,27.5,False
2024-10-15,2024,10,Oct,Primavera,Buenos Aires,18.2,77.0,0.0,5.7,False
2024-10-16,2024,10,Oct,Primavera,Buenos Aires,14.6,76.1,0.0,28.6,False
2024-10-17,2024,10,Oct,Primavera,Buenos Aires,19.8,72.4,0.0,18.6,False
2024-10-18,2024,10,Oct,Primavera,Buenos Aires,19.1,68.6,21.8,13.6,True
2024-10-19,2024,10,Oct,Primavera,Buenos Aires,17.0,65.4,0.0,8.8,False
2024-10-20,2024,10,Oct,Primavera,Buenos Aires,16.6,75.3,0.0,10.3,False
2024-10-21,2024,10,Oct,Primavera,Buenos Aires,21.0,54.9,0.0,10.4,False
2024-10-22,2024,10,Oct,Primavera,Buenos Aires,15.6,66.3,0.0,13.0,False
2024-10-23,2024,10,Oct,Primavera,Buenos Aires,16.5,56.6,0.0,15.0,False
2024-10-24,2024,10,Oct,Primavera,Buenos Aires,17.4,78.4,0.0,13.5,False
2024-10-25,2024,10,Oct,Primavera,Buenos Aires,19.9,63.7,0.0,21.2,False
2024-10-26,2024,10,Oct,Primavera,Buenos Aires,20.6,64.8,7.6,16.4,True
2024-10-27,2024,10,Oct,Primavera,Buenos Aires,22.4,64.5,0.0,6.5,False
2024-10-28,2024,10,Oct,Primavera,Buenos Aires,18.5,61.1,0.0,19.4,False
2024-10-29,2024,10,Oct,Primavera,Buenos Aires,24.2,60.2,0.0,27.3,False
2024-10-30,2024,10,Oct,Primavera,Buenos Aires,17.6,70.9,0.0,9.6,False
2024-10-31,2024,10,Oct,Primavera,Buenos Aires,20.1,65.6,8.2,19.8,True
2024-11-01,2024,11,Nov,Primavera,Buenos Aires,25.5,62.1,0.0,5.8,False
2024-11-02,2024,11,Nov,Primavera,Buenos Aires,21.5,66.4,9.5,5.4,True
2024-11-03,2024,11,Nov,Primavera,Buenos Aires,16.7,74.2,0.0,20.6,False
2024-11-04,2024,11,Nov,Primavera,Buenos Aires,22.3,79.3,0.7,10.5,True
2024-11-05,2024,11,Nov,Primavera,Buenos Aires,19.0,61.0,5.9,6.7,True
2024-11-06,2024,11,Nov,Primavera,Buenos Aires,21.9,53.7,0.0,16.8,False
2024-11-07,2024,11,Nov,Primavera,Buenos Aires,26.2,56.7,0.0,6.6,False
2024-11-08,2024,11,Nov,Primavera,Buenos Aires,25.3,69.3,0.0,14.6,False
2024-11-09,2024,11,Nov,Primavera,Buenos Aires,20.3,58.0,0.0,17.8,False
2024-11-10,2024,11,Nov,Primavera,Buenos Aires,21.7,58.6,0.0,21.9,False
2024-11-11,2024,11,Nov,Primavera,Buenos Aires,19.4,61.5,39.1,5.6,True
2024-11-12,2024,11,Nov,Primavera,Buenos Aires,22.4,71.9,0.0,27.9,False
2024-11-13,2024,11,Nov,Primavera,Buenos Aires,23.2,67.1,14.0,12.1,True
2024-11-14,2024,11,Nov,Primavera,Buenos Aires,21.4,73.2,2.9,9.3,True
2024-11-15,2024,11,Nov,Primavera,Buenos Aires,19.7,50.7,0.0,17.0,False
2024-11-16,2024,11,Nov,Primavera,Buenos Aires,27.5,56.3,0.0,14.0,False
2024-11-17,2024,11,Nov,Primavera,Buenos Aires,24.7,63.2,0.0,13.4,False
2024-11-18,2024,11,Nov,Primavera,Buenos Aires,23.1,70.0,0.0,13.0,False
2024-11-19,2024,11,Nov,Primavera,Buenos Aires,21.5,69.4,0.0,13.4,False
2024-11-20,2024,11,Nov,Primavera,Buenos Aires,23.4,66.4,0.0,13.8,False
2024-11-21,2024,11,Nov,Primavera,Buenos Aires,25.2,76.1,5.6,17.3,True
2024-11-22,2024,11,Nov,Primavera,Buenos Aires,21.2,62.5,0.0,17.0,False
2024-11-23,2024,11,Nov,Primavera,Buenos Aires,23.7,63.1,0.0,10.1,False
2024-11-24,2024,11,Nov,Primavera,Buenos Aires,21.7,63.7,0.0,17.2,False
2024-11-25,2024,11,Nov,Primavera,Buenos Aires,21.0,57.0,12.1,16.5,True
2024-11-26,2024,11,Nov,Primavera,Buenos Aires,22.5,64.2,0.0,14.9,False
2024-11-27,2024,11,Nov,Primavera,Buenos Aires,23.4,59.7,0.0,12.2,False
2024-11-28,2024,11,Nov,Primavera,Buenos Aires,24.2,58.7,0.0,8.6,False
2024-11-29,2024,11,Nov,Primavera,Buenos Aires,26.9,72.1,0.0,5.1,False
2024-11-30,2024,11,Nov,Primavera,Buenos Aires,22.1,62.8,0.0,5.8,False
2024-12-01,2024,12,Dec,Verano,Buenos Aires,24.0,55.0,0.0,3.2,False
2024-12-02,2024,12,Dec,Verano,Buenos Aires,26.6,70.4,4.3,11.7,True
2024-12-03,2024,12,Dec,Verano,Buenos Aires,24.7,71.2,6.1,9.2,True
2024-12-05,2024,12,Dec,Verano,Buenos Aires,24.7,63.9,3.1,8.4,True
2024-12-06,2024,12,Dec,Verano,Buenos Aires,24.7,77.8,0.0,8.8,False
2024-12-07,2024,12,Dec,Verano,Buenos Aires,20.1,66.3,0.0,15.2,False
2024-12-08,2024,12,Dec,Verano,Buenos Aires,23.8,72.3,0.0,4.4,False
2024-12-09,2024,12,Dec,Verano,Buenos Aires,24.4,63.2,0.0,19.5,False
2024-12-10,2024,12,Dec,Verano,Buenos Aires,27.2,66.3,0.0,10.2,False
2024-12-12,2024,12,Dec,Verano,Buenos Aires,30.0,64.9,0.7,11.8,True
2024-12-13,2024,12,Dec,Verano,Buenos Aires,26.1,53.0,0.0,8.2,False
2024-12-14,2024,12,Dec,Verano,Buenos Aires,27.2,73.0,1.5,15.7,True
2024-12-16,2024,12,Dec,Verano,Buenos Aires,27.2,74.1,0.0,12.1,False
2024-12-17,2024,12,Dec,Verano,Buenos Aires,25.4,74.2,0.0,17.3,False
2024-12-18,2024,12,Dec,Verano,Buenos Aires,24.8,63.8,0.0,10.1,False
2024-12-19,2024,12,Dec,Verano,Buenos Aires,28.2,63.9,0.0,11.0,False
2024-12-20,2024,12,Dec,Verano,Buenos Aires,27.8,68.2,0.0,11.8,False
2024-12-21,2024,12,Dec,Verano,Buenos Aires,24.4,55.1,0.0,2.2,False
2024-12-22,2024,12,Dec,Verano,Buenos Aires,27.6,64.6,1.0,15.3,True
2024-12-23,2024,12,Dec,Verano,Buenos Aires,26.0,52.6,0.0,19.5,False
2024-12-24,2024,12,Dec,Verano,Buenos Aires,26.1,65.6,0.0,21.3,False
2024-12-25,2024,12,Dec,Verano,Buenos Aires,26.2,70.4,0.0,18.4,False
2024-12-26,2024,12,Dec,Verano,Buenos Aires,26.9,52.9,0.0,13.4,False
2024-12-27,2024,12,Dec,Verano,Buenos Aires,26.4,61.0,5.6,17.5,True
2024-12-28,2024,12,Dec,Verano,Buenos Aires,27.7,69.0,0.0,15.4,False
2024-12-30,2024,12,Dec,Verano,Buenos Aires,27.4,70.4,0.0,13.2,False
2024-12-31,2024,12,Dec,Verano,Buenos Aires,24.0,61.5,0.0,8.9,False
2024-01-01,2024,1,Jan,Verano,Cordoba,28.3,38.9,0.0,6.8,False
2024-01-02,2024,1,Jan,Verano,Cordoba,28.7,40.1,0.0,10.3,False
2024-01-03,2024,1,Jan,Verano,Cordoba,24.6,41.3,2.9,9.1,True
2024-01-04,2024,1,Jan,Verano,Cordoba,23.2,54.8,0.0,16.0,False
2024-01-05,2024,1,Jan,Verano,Cordoba,24.7,36.0,0.0,21.0,False
2024-01-06,2024,1,Jan,Verano,Cordoba,26.6,51.5,0.0,9.0,False
2024-01-07,2024,1,Jan,Verano,Cordoba,26.7,51.5,0.0,25.2,False
2024-01-08,2024,1,Jan,Verano,Cordoba,32.1,63.1,0.0,19.7,False
2024-01-11,2024,1,Jan,Verano,Cordoba,25.5,48.5,0.0,8.9,False
2024-01-12,2024,1,Jan,Verano,Cordoba,27.7,53.8,0.0,5.8,False
2024-01-13,2024,1,Jan,Verano,Cordoba,25.7,56.5,0.0,11.9,False
2024-01-14,2024,1,Jan,Verano,Cordoba,28.6,59.2,0.0,12.2,False
2024-01-15,2024,1,Jan,Verano,Cordoba,32.1,62.3,3.6,14.8,True
2024-01-16,2024,1,Jan,Verano,Cordoba,24.1,52.6,0.0,13.1,False
2024-01-17,2024,1,Jan,Verano,Cordoba,30.3,48.4,0.0,17.1,False
2024-01-18,2024,1,Jan,Verano,Cordoba,26.8,40.6,0.0,0.0,False
2024-01-20,2024,1,Jan,Verano,Cordoba,29.7,52.9,11.1,7.4,True
2024-01-21,2024,1,Jan,Verano,Cordoba,28.7,51.0,0.5,8.1,True
2024-01-22,2024,1,Jan,Verano,Cordoba,26.0,52.9,0.0,12.7,False
2024-01-23,2024,1,Jan,Verano,Cordoba,29.9,43.6,0.0,10.8,False
2024-01-24,2024,1,Jan,Verano,Cordoba,29.7,50.9,0.0,7.2,False
2024-01-25,2024,1,Jan,Verano,Cordoba,29.5,47.8,8.7,14.4,True
2024-01-26,2024,1,Jan,Verano,Cordoba,27.4,37.6,0.0,10.8,False
2024-01-27,2024,1,Jan,Verano,Cordoba,25.3,54.6,0.0,16.8,False
2024-01-28,2024,1,Jan,Verano,Cordoba,27.6,37.2,1.3,21.0,True
2024-01-29,2024,1,Jan,Verano,Cordoba,26.1,43.7,0.0,20.1,False
2024-01-30,2024,1,Jan,Verano,Cordoba,33.5,47.8,0.0,14.9,False
2024-01-31,2024,1,Jan,Verano,Cordoba,25.8,50.9,0.0,6.4,False
2024-02-01,2024,2,Feb,Verano,Cordoba,27.4,46.6,0.0,26.1,False
2024-02-02,2024,2,Feb,Verano,Cordoba,28.8,66.7,5.7,12.9,True
2024-02-03,2024,2,Feb,Verano,Cordoba,30.4,45.1,3.2,9.2,True
2024-02-04,2024,2,Feb,Verano,Cordoba,27.6,63.3,0.0,12.2,False
2024-02-05,2024,2,Feb,Verano,Cordoba,23.9,57.4,0.0,13.5,False
2024-02-06,2024,2,Feb,Verano,Cordoba,25.1,50.3,0.0,11.4,False
2024-02-07,2024,2,Feb,Verano,Cordoba,29.7,51.3,0.0,11.4,False
2024-02-08,2024,2,Feb,Verano,Cordoba,27.9,61.4,0.0,11.3,False
2024-02-09,2024,2,Feb,Verano,Cordoba,29.8,51.0,9.5,19.1,True
2024-02-10,2024,2,Feb,Verano,Cordoba,25.5,58.7,0.0,15.0,False
2024-02-11,2024,2,Feb,Verano,Cordoba,27.9,46.2,0.0,10.9,False
2024-02-12,2024,2,Feb,Verano,Cordoba,24.6,54.0,0.0,9.6,False
2024-02-13,2024,2,Feb,Verano,Cordoba,27.1,52.1,0.0,15.4,False
2024-02-14,2024,2,Feb,Verano,Cordoba,26.4,54.3,0.0,20.9,False
2024-02-15,2024,2,Feb,Verano,Cordoba,29.6,41.2,6.6,12.5,True
2024-02-16,2024,2,Feb,Verano,Cordoba,30.3,52.5,0.0,15.2,False
2024-02-17,2024,2,Feb,Verano,Cordoba,25.5,53.5,0.0,12.2,False
2024-02-18,2024,2,Feb,Verano,Cordoba,30.1,53.6,0.0,21.9,False
2024-02-19,2024,2,Feb,Verano,Cordoba,25.8,33.9,0.0,10.4,False
2024-02-20,2024,2,Feb,Verano,Cordoba,24.9,58.9,10.0,10.6,True
2024-02-21,2024,2,Feb,Verano,Cordoba,24.9,45.7,0.0,1.8,False
2024-02-22,2024,2,Feb,Verano,Cordoba,28.4,63.2,0.0,13.4,False
2024-02-23,2024,2,Feb,Verano,Cordoba,28.3,51.4,9.0,14.8,True
2024-02-24,2024,2,Feb,Verano,Cordoba,28.1,42.2,1.5,11.6,True
2024-02-25,2024,2,Feb,Verano,Cordoba,26.5,47.1,0.0,18.7,False
2024-02-26,2024,2,Feb,Verano,Cordoba,25.5,66.8,0.0,20.2,False
2024-02-27,2024,2,Feb,Verano,Cordoba,22.2,57.1,0.0,18.0,False
2024-02-28,2024,2,Feb,Verano,Cordoba,25.9,49.4,0.0,8.2,False
2024-02-29,2024,2,Feb,Verano,Cordoba,25.2,37.8,0.0,0.3,False
2024-03-01,2024,3,Mar,Otonio,Cordoba,19.9,58.3,0.0,12.9,False
2024-03-02,2024,3,Mar,Otonio,Cordoba,22.5,49.8,0.0,16.5,False
2024-03-03,2024,3,Mar,Otonio,Cordoba,25.6,49.5,0.0,14.1,False
2024-03-04,2024,3,Mar,Otonio,Cordoba,23.9,57.0,9.7,11.7,True
2024-03-05,2024,3,Mar,Otonio,Cordoba,22.2,52.5,0.0,13.9,False
2024-03-06,2024,3,Mar,Otonio,Cordoba,23.4,58.2,0.0,4.3,False
2024-03-07,2024,3,Mar,Otonio,Cordoba,26.2,45.0,18.7,16.6,True
2024-03-08,2024,3,Mar,Otonio,Cordoba,25.7,59.2,0.7,15.3,True
2024-03-09,2024,3,Mar,Otonio,Cordoba,25.2,46.8,7.0,9.6,True
2024-03-10,2024,3,Mar,Otonio,Cordoba,23.5,54.9,0.8,21.0,True
2024-03-11,2024,3,Mar,Otonio,Cordoba,23.9,57.3,0.0,15.1,False
2024-03-12,2024,3,Mar,Otonio,Cordoba,25.3,30.6,0.0,18.1,False
2024-03-13,2024,3,Mar,Otonio,Cordoba,26.2,49.5,0.0,13.2,False
2024-03-14,2024,3,Mar,Otonio,Cordoba,24.9,65.3,0.0,21.9,False
2024-03-15,2024,3,Mar,Otonio,Cordoba,20.4,58.7,0.0,12.5,False
2024-03-16,2024,3,Mar,Otonio,Cordoba,20.6,69.9,0.0,12.9,False
2024-03-17,2024,3,Mar,Otonio,Cordoba,25.6,57.5,0.0,10.3,False
2024-03-18,2024,3,Mar,Otonio,Cordoba,22.6,46.7,0.0,6.1,False
2024-03-19,2024,3,Mar,Otonio,Cordoba,21.5,36.2,0.0,8.6,False
2024-03-20,2024,3,Mar,Otonio,Cordoba,20.3,51.2,0.0,14.0,False
2024-03-21,2024,3,Mar,Otonio,Cordoba,24.0,48.3,0.0,2.7,False
2024-03-22,2024,3,Mar,Otonio,Cordoba,22.3,51.7,7.7,18.0,True
2024-03-23,2024,3,Mar,Otonio,Cordoba,20.6,46.7,0.0,13.9,False
2024-03-24,2024,3,Mar,Otonio,Cordoba,23.5,49.9,0.0,10.1,False
2024-03-25,2024,3,Mar,Otonio,Cordoba,17.0,40.5,0.0,18.6,False
2024-03-26,2024,3,Mar,Otonio,Cordoba,24.1,60.7,0.0,10.7,False
2024-03-27,2024,3,Mar,Otonio,Cordoba,19.5,54.5,0.0,14.9,False
2024-03-28,2024,3,Mar,Otonio,Cordoba,19.0,47.8,0.0,16.1,False
2024-03-29,2024,3,Mar,Otonio,Cordoba,15.5,47.8,4.3,13.2,True
2024-03-30,2024,3,Mar,Otonio,Cordoba,20.2,51.8,0.0,10.1,False
2024-03-31,2024,3,Mar,Otonio,Cordoba,22.6,63.0,0.0,13.4,False
2024-04-01,2024,4,Apr,Otonio,Cordoba,19.7,61.0,0.0,15.4,False
2024-04-02,2024,4,Apr,Otonio,Cordoba,20.3,59.0,18.6,14.4,True
2024-04-03,2024,4,Apr,Otonio,Cordoba,17.7,40.4,0.0,10.1,False
2024-04-04,2024,4,Apr,Otonio,Cordoba,17.9,54.8,6.5,21.6,True
2024-04-05,2024,4,Apr,Otonio,Cordoba,17.0,61.9,0.0,16.6,False
2024-04-07,2024,4,Apr,Otonio,Cordoba,17.1,65.4,0.0,12.5,False
2024-04-09,2024,4,Apr,Otonio,Cordoba,14.5,62.7,0.0,20.8,False
2024-04-10,2024,4,Apr,Otonio,Cordoba,17.4,44.8,17.7,8.2,True
2024-04-11,2024,4,Apr,Otonio,Cordoba,16.9,55.0,0.0,13.0,False
2024-04-12,2024,4,Apr,Otonio,Cordoba,16.4,53.0,0.0,20.7,False
2024-04-14,2024,4,Apr,Otonio,Cordoba,21.4,51.2,5.3,14.0,True
2024-04-15,2024,4,Apr,Otonio,Cordoba,16.0,54.2,0.3,16.5,True
2024-04-17,2024,4,Apr,Otonio,Cordoba,15.9,54.4,0.0,15.4,False
2024-04-19,2024,4,Apr,Otonio,Cordoba,13.0,59.6,6.5,1.8,True
2024-04-20,2024,4,Apr,Otonio,Cordoba,19.6,57.4,0.0,3.2,False
2024-04-21,2024,4,Apr,Otonio,Cordoba,14.7,49.2,3.4,10.3,True
2024-04-22,2024,4,Apr,Otonio,Cordoba,11.4,61.6,0.0,13.0,False
2024-04-23,2024,4,Apr,Otonio,Cordoba,13.1,54.0,0.0,28.0,False
2024-04-25,2024,4,Apr,Otonio,Cordoba,12.4,55.6,0.0,10.6,False
2024-04-26,2024,4,Apr,Otonio,Cordoba,13.9,59.7,0.0,11.8,False
2024-04-27,2024,4,Apr,Otonio,Cordoba,15.4,50.7,0.0,19.2,False
2024-04-29,2024,4,Apr,Otonio,Cordoba,16.7,44.6,11.5,8.9,True
2024-04-30,2024,4,Apr,Otonio,Cordoba,16.1,36.9,0.0,20.3,False
2024-05-01,2024,5,May,Otonio,Cordoba,15.4,55.9,0.0,15.7,False
2024-05-02,2024,5,May,Otonio,Cordoba,14.8,68.4,0.0,12.8,False
2024-05-03,2024,5,May,Otonio,Cordoba,13.4,54.9,0.0,20.8,False
2024-05-04,2024,5,May,Otonio,Cordoba,13.2,64.6,0.0,17.9,False
2024-05-05,2024,5,May,Otonio,Cordoba,13.8,65.1,0.0,11.7,False
2024-05-06,2024,5,May,Otonio,Cordoba,15.2,65.6,2.8,20.9,True
2024-05-07,2024,5,May,Otonio,Cordoba,11.8,49.7,0.0,9.9,False
2024-05-08,2024,5,May,Otonio,Cordoba,14.9,61.0,0.0,17.1,False
2024-05-09,2024,5,May,Otonio,Cordoba,14.2,60.4,0.0,10.4,False
2024-05-10,2024,5,May,Otonio,Cordoba,15.1,62.7,0.0,9.4,False
2024-05-11,2024,5,May,Otonio,Cordoba,12.7,50.6,0.0,13.9,False
2024-05-12,2024,5,May,Otonio,Cordoba,10.6,56.1,0.0,14.6,False
2024-05-13,2024,5,May,Otonio,Cordoba,11.6,57.5,0.0,17.7,False
2024-05-14,2024,5,May,Otonio,Cordoba,11.8,50.8,0.0,12.9,False
2024-05-15,2024,5,May,Otonio,Cordoba,11.8,56.2,0.0,9.7,False
2024-05-16,2024,5,May,Otonio,Cordoba,9.8,50.0,0.0,13.1,False
2024-05-17,2024,5,May,Otonio,Cordoba,12.8,55.4,0.0,17.8,False
2024-05-18,2024,5,May,Otonio,Cordoba,12.5,47.8,0.0,4.1,False
2024-05-19,2024,5,May,Otonio,Cordoba,13.6,50.9,0.0,16.0,False
2024-05-20,2024,5,May,Otonio,Cordoba,4.2,59.3,0.0,10.1,False
2024-05-21,2024,5,May,Otonio,Cordoba,11.1,60.6,0.0,18.7,False
2024-05-22,2024,5,May,Otonio,Cordoba,11.5,62.0,0.0,7.1,False
2024-05-23,2024,5,May,Otonio,Cordoba,10.5,52.1,0.0,19.3,False
2024-05-24,2024,5,May,Otonio,Cordoba,8.7,54.8,0.0,10.2,False
2024-05-25,2024,5,May,Otonio,Cordoba,10.1,65.8,14.6,7.8,True
2024-05-26,2024,5,May,Otonio,Cordoba,8.0,67.2,3.6,18.4,True
2024-05-27,2024,5,May,Otonio,Cordoba,8.7,66.5,0.0,10.0,False
2024-05-28,2024,5,May,Otonio,Cordoba,11.2,57.3,0.0,13.6,False
2024-05-29,2024,5,May,Otonio,Cordoba,13.8,71.0,0.0,6.0,False
2024-05-30,2024,5,May,Otonio,Cordoba,11.5,68.4,0.0,7.7,False
2024-05-31,2024,5,May,Otonio,Cordoba,11.5,60.2,0.0,12.3,False
2024-06-01,2024,6,Jun,Invierno,Cordoba,8.8,55.0,0.0,0.0,False
2024-06-02,2024,6,Jun,Invierno,Cordoba,9.0,47.1,0.0,12.7,False
2024-06-03,2024,6,Jun,Invierno,Cordoba,7.7,57.5,0.0,21.4,False
2024-06-04,2024,6,Jun,Invierno,Cordoba,8.0,55.6,0.0,16.9,False
2024-06-05,2024,6,Jun,Invierno,Cordoba,10.9,58.2,9.1,4.7,True
2024-06-06,2024,6,Jun,Invierno,Cordoba,10.2,61.9,0.0,8.6,False
2024-06-07,2024,6,Jun,Invierno,Cordoba,10.7,48.0,0.0,8.6,False
2024-06-08,2024,6,Jun,Invierno,Cordoba,9.6,56.4,0.0,17.6,False
2024-06-09,2024,6,Jun,Invierno,Cordoba,4.3,60.0,0.0,12.6,False
2024-06-10,2024,6,Jun,Invierno,Cordoba,5.8,38.6,0.0,12.9,False
2024-06-11,2024,6,Jun,Invierno,Cordoba,7.7,59.3,0.0,14.1,False
2024-06-12,2024,6,Jun,Invierno,Cordoba,9.0,49.7,0.0,20.7,False
2024-06-13,2024,6,Jun,Invierno,Cordoba,7.9,71.6,0.0,18.0,False
2024-06-14,2024,6,Jun,Invierno,Cordoba,8.9,56.5,2.8,10.6,True
2024-06-15,2024,6,Jun,Invierno,Cordoba,7.7,71.7,0.0,19.9,False
2024-06-16,2024,6,Jun,Invierno,Cordoba,4.4,64.7,0.0,18.1,False
2024-06-17,2024,6,Jun,Invierno,Cordoba,3.8,52.8,2.1,13.4,True
2024-06-18,2024,6,Jun,Invierno,Cordoba,5.5,58.0,25.3,24.0,True
2024-06-19,2024,6,Jun,Invierno,Cordoba,7.2,61.3,0.0,12.8,False
2024-06-20,2024,6,Jun,Invierno,Cordoba,5.6,54.2,7.8,10.4,True
2024-06-21,2024,6,Jun,Invierno,Cordoba,7.8,70.9,13.3,6.2,True
2024-06-22,2024,6,Jun,Invierno,Cordoba,10.4,50.2,0.0,19.1,False
2024-06-23,2024,6,Jun,Invierno,Cordoba,6.3,63.4,0.0,16.0,False
2024-06-24,2024,6,Jun,Invierno,Cordoba,8.1,50.9,0.0,13.1,False
2024-06-25,2024,6,Jun,Invierno,Cordoba,7.6,61.2,0.0,10.8,False
2024-06-26,2024,6,Jun,Invierno,Cordoba,7.1,66.5,0.0,8.2,False
2024-06-27,2024,6,Jun,Invierno,Cordoba,1.7,72.0,1.4,5.5,True
2024-06-28,2024,6,Jun,Invierno,Cordoba,5.9,56.3,0.0,17.5,False
2024-06-29,2024,6,Jun,Invierno,Cordoba,6.5,62.5,0.0,26.1,False
2024-06-30,2024,6,Jun,Invierno,Cordoba,3.4,61.3,0.0,10.0,False
2024-07-01,2024,7,Jul,Invierno,Cordoba,7.5,55.2,0.0,13.4,False
2024-07-02,2024,7,Jul,Invierno,Cordoba,5.8,54.7,0.0,16.9,False
2024-07-03,2024,7,Jul,Invierno,Cordoba,4.1,66.5,0.0,8.3,False
2024-07-04,2024,7,Jul,Invierno,Cordoba,7.3,71.8,0.0,7.4,False
2024-07-05,2024,7,Jul,Invierno,Cordoba,7.5,58.3,0.0,6.5,False
2024-07-06,2024,7,Jul,Invierno,Cordoba,7.5,67.0,0.0,11.3,False
2024-07-07,2024,7,Jul,Invierno,Cordoba,5.8,53.0,5.2,9.2,True
2024-07-08,2024,7,Jul,Invierno,Cordoba,6.8,53.9,0.0,4.6,False
2024-07-09,2024,7,Jul,Invierno,Cordoba,4.6,70.5,0.0,15.5,False
2024-07-10,2024,7,Jul,Invierno,Cordoba,6.4,68.4,0.0,17.5,False
2024-07-11,2024,7,Jul,Invierno,Cordoba,4.5,66.3,0.0,22.3,False
2024-07-12,2024,7,Jul,Invierno,Cordoba,3.3,54.3,0.0,10.4,False
2024-07-13,2024,7,Jul,Invierno,Cordoba,6.0,52.4,0.0,15.3,False
2024-07-14,2024,7,Jul,Invierno,Cordoba,5.6,47.7,0.0,25.9,False
2024-07-15,2024,7,Jul,Invierno,Cordoba,9.6,60.8,0.0,18.7,False
2024-07-16,2024,7,Jul,Invierno,Cordoba,5.4,71.3,0.0,11.6,False
2024-07-17,2024,7,Jul,Invierno,Cordoba,4.6,59.9,0.0,10.7,False
2024-07-18,2024,7,Jul,Invierno,Cordoba,3.8,57.1,0.6,16.7,True
2024-07-19,2024,7,Jul,Invierno,Cordoba,6.0,65.7,0.0,16.6,False
2024-07-20,2024,7,Jul,Invierno,Cordoba,6.9,69.9,0.0,7.6,False
2024-07-21,2024,7,Jul,Invierno,Cordoba,4.0,63.4,0.0,3.3,False
2024-07-22,2024,7,Jul,Invierno,Cordoba,6.8,55.9,11.6,13.5,True
2024-07-23,2024,7,Jul,Invierno,Cordoba,4.6,60.2,0.0,9.6,False
2024-07-24,2024,7,Jul,Invierno,Cordoba,3.9,51.7,10.5,9.5,True
2024-07-25,2024,7,Jul,Invierno,Cordoba,8.8,66.5,0.0,3.6,False
2024-07-26,2024,7,Jul,Invierno,Cordoba,4.7,69.5,0.0,8.1,False
2024-07-27,2024,7,Jul,Invierno,Cordoba,5.2,50.8,0.0,14.0,False
2024-07-28,2024,7,Jul,Invierno,Cordoba,9.4,73.8,6.3,19.9,True
2024-07-29,2024,7,Jul,Invierno,Cordoba,8.0,64.0,0.0,17.4,False
2024-07-30,2024,7,Jul,Invierno,Cordoba,6.6,47.1,0.0,18.8,False
2024-07-31,2024,7,Jul,Invierno,Cordoba,5.5,61.8,0.0,0.1,False
2024-08-01,2024,8,Aug,Invierno,Cordoba,6.8,68.5,0.0,20.0,False
2024-08-02,2024,8,Aug,Invierno,Cordoba,7.0,63.8,0.0,11.5,False
2024-08-03,2024,8,Aug,Invierno,Cordoba,8.0,55.5,0.0,17.2,False
2024-08-04,2024,8,Aug,Invierno,Cordoba,7.6,66.0,0.0,17.8,False
2024-08-06,2024,8,Aug,Invierno,Cordoba,5.2,71.2,14.6,13.6,True
2024-08-07,2024,8,Aug,Invierno,Cordoba,7.8,65.8,0.0,8.0,False
2024-08-08,2024,8,Aug,Invierno,Cordoba,8.0,60.0,5.6,18.2,True
2024-08-09,2024,8,Aug,Invierno,Cordoba,7.9,63.5,0.0,14.6,False
2024-08-10,2024,8,Aug,Invierno,Cordoba,4.9,57.3,0.0,11.1,False
2024-08-12,2024,8,Aug,Invierno,Cordoba,5.8,65.6,0.0,21.3,False
2024-08-13,2024,8,Aug,Invierno,Cordoba,7.9,56.5,0.0,14.9,False
2024-08-14,2024,8,Aug,Invierno,Cordoba,5.2,50.6,0.0,4.9,False
2024-08-15,2024,8,Aug,Invierno,Cordoba,9.9,54.3,12.3,23.2,True
2024-08-16,2024,8,Aug,Invierno,Cordoba,6.4,45.6,0.0,11.4,False
2024-08-17,2024,8,Aug,Invierno,Cordoba,7.3,63.6,0.0,13.1,False
2024-08-18,2024,8,Aug,Invierno,Cordoba,10.2,70.8,4.3,11.5,True
2024-08-19,2024,8,Aug,Invierno,Cordoba,8.5,51.4,0.0,8.3,False
2024-08-20,2024,8,Aug,Invierno,Cordoba,5.1,59.7,0.0,12.6,False
2024-08-22,2024,8,Aug,Invierno,Cordoba,5.8,45.7,0.0,13.5,False
2024-08-23,2024,8,Aug,Invierno,Cordoba,5.1,51.6,0.0,13.5,False
2024-08-24,2024,8,Aug,Invierno,Cordoba,8.6,62.1,0.6,13.5,True
2024-08-25,2024,8,Aug,Invierno,Cordoba,9.0,60.4,0.0,9.1,False
2024-08-26,2024,8,Aug,Invierno,Cordoba,5.8,65.4,26.8,18.9,True
2024-08-27,2024,8,Aug,Invierno,Cordoba,6.3,65.3,0.0,23.2,False
2024-08-28,2024,8,Aug,Invierno,Cordoba,10.4,46.4,0.0,17.3,False
2024-08-30,2024,8,Aug,Invierno,Cordoba,7.3,72.1,7.0,12.0,True
2024-08-31,2024,8,Aug,Invierno,Cordoba,5.8,57.6,0.0,17.0,False
2024-09-01,2024,9,Sep,Primavera,Cordoba,10.7,50.3,0.0,8.8,False
2024-09-02,2024,9,Sep,Primavera,Cordoba,9.3,60.9,0.0,15.1,False
2024-09-03,2024,9,Sep,Primavera,Cordoba,8.8,45.4,0.0,14.1,False
2024-09-04,2024,9,Sep,Primavera,Cordoba,9.7,70.8,0.0,21.7,False
2024-09-05,2024,9,Sep,Primavera,Cordoba,8.9,60.3,16.8,9.3,True
2024-09-06,2024,9,Sep,Primavera,Cordoba,8.7,65.1,4.9,9.0,True
2024-09-07,2024,9,Sep,Primavera,Cordoba,11.8,69.9,0.0,16.4,False
2024-09-08,2024,9,Sep,Primavera,Cordoba,11.5,46.8,0.0,15.2,False
2024-09-09,2024,9,Sep,Primavera,Cordoba,12.6,65.0,0.0,12.9,False
2024-09-10,2024,9,Sep,Primavera,Cordoba,9.4,59.0,0.0,18.6,False
2024-09-11,2024,9,Sep,Primavera,Cordoba,9.2,46.7,0.0,20.6,False
2024-09-12,2024,9,Sep,Primavera,Cordoba,12.5,74.8,0.0,9.5,False
2024-09-13,2024,9,Sep,Primavera,Cordoba,9.9,71.4,0.0,17.2,False
2024-09-14,2024,9,Sep,Primavera,Cordoba,10.0,53.7,2.9,14.1,True
2024-09-15,2024,9,Sep,Primavera,Cordoba,10.1,57.5,0.0,11.0,False
2024-09-16,2024,9,Sep,Primavera,Cordoba,15.0,47.3,1.4,10.4,True
2024-09-17,2024,9,Sep,Primavera,Cordoba,13.7,60.0,0.0,9.8,False
2024-09-18,2024,9,Sep,Primavera,Cordoba,12.8,49.2,0.0,7.3,False
2024-09-19,2024,9,Sep,Primavera,Cordoba,18.8,67.1,0.0,20.3,False
2024-09-20,2024,9,Sep,Primavera,Cordoba,11.4,51.7,0.0,20.0,False
2024-09-21,2024,9,Sep,Primavera,Cordoba,12.4,59.6,0.0,18.2,False
2024-09-22,2024,9,Sep,Primavera,Cordoba,12.8,65.4,0.0,1.2,False
2024-09-23,2024,9,Sep,Primavera,Cordoba,13.8,54.3,0.0,15.0,False
2024-09-24,2024,9,Sep,Primavera,Cordoba,13.5,53.6,0.0,23.5,False
2024-09-25,2024,9,Sep,Primavera,Cordoba,14.4,49.3,9.5,21.5,True
2024-09-26,2024,9,Sep,Primavera,Cordoba,12.9,64.4,0.0,19.5,False
2024-09-27,2024,9,Sep,Primavera,Cordoba,13.1,59.9,0.0,12.7,False
2024-09-28,2024,9,Sep,Primavera,Cordoba,13.2,75.8,0.0,16.6,False
2024-09-29,2024,9,Sep,Primavera,Cordoba,13.7,51.6,0.0,20.1,False
2024-09-30,2024,9,Sep,Primavera,Cordoba,18.8,43.6,0.0,2.7,False
2024-10-01,2024,10,Oct,Primavera,Cordoba,16.8,64.6,5.5,20.1,True
2024-10-02,2024,10,Oct,Primavera,Cordoba,14.1,60.5,7.4,27.3,True
2024-10-03,2024,10,Oct,Primavera,Cordoba,14.1,49.7,9.4,11.2,True
2024-10-04,2024,10,Oct,Primavera,Cordoba,12.2,54.9,0.0,15.1,False
2024-10-05,2024,10,Oct,Primavera,Cordoba,14.5,55.4,0.0,13.7,False
2024-10-06,2024,10,Oct,Primavera,Cordoba,13.7,72.0,0.0,19.8,False
2024-10-07,2024,10,Oct,Primavera,Cordoba,16.2,69.7,0.0,16.2,False
2024-10-08,2024,10,Oct,Primavera,Cordoba,16.5,38.9,0.0,12.9,False
2024-10-09,2024,10,Oct,Primavera,Cordoba,13.0,53.9,0.0,13.5,False
2024-10-10,2024,10,Oct,Primavera,Cordoba,18.4,53.9,0.0,9.8,False
2024-10-11,2024,10,Oct,Primavera,Cordoba,16.2,55.8,16.8,19.1,True
2024-10-12,2024,10,Oct,Primavera,Cordoba,11.5,50.4,0.0,15.3,False
2024-10-13,2024,10,Oct,Primavera,Cordoba,16.0,65.9,0.0,2.7,False
2024-10-14,2024,10,Oct,Primavera,Cordoba,18.2,50.0,0.0,6.9,False
2024-10-15,2024,10,Oct,Primavera,Cordoba,16.6,50.0,0.0,19.4,False
2024-10-16,2024,10,Oct,Primavera,Cordoba,20.0,60.1,0.0,20.9,False
2024-10-17,2024,10,Oct,Primavera,Cordoba,18.0,66.9,11.6,22.4,True
2024-10-18,2024,10,Oct,Primavera,Cordoba,18.5,60.7,0.0,17.7,False
2024-10-19,2024,10,Oct,Primavera,Cordoba,18.7,47.7,0.0,9.7,False
2024-10-20,2024,10,Oct,Primavera,Cordoba,19.2,55.8,0.0,13.3,False
2024-10-21,2024,10,Oct,Primavera,Cordoba,18.6,57.0,0.0,18.7,False
2024-10-22,2024,10,Oct,Primavera,Cordoba,19.1,69.3,5.1,20.7,True
2024-10-23,2024,10,Oct,Primavera,Cordoba,18.2,61.8,3.0,9.5,True
2024-10-24,2024,10,Oct,Primavera,Cordoba,17.2,61.0,0.0,13.1,False
2024-10-25,2024,10,Oct,Primavera,Cordoba,16.9,66.3,0.0,20.7,False
2024-10-26,2024,10,Oct,Primavera,Cordoba,20.4,61.5,0.0,7.4,False
2024-10-27,2024,10,Oct,Primavera,Cordoba,19.7,58.4,0.0,9.1,False
2024-10-28,2024,10,Oct,Primavera,Cordoba,18.1,45.8,0.0,18.2,False
2024-10-29,2024,10,Oct,Primavera,Cordoba,21.5,46.0,0.0,18.3,False
2024-10-30,2024,10,Oct,Primavera,Cordoba,21.5,46.1,0.0,22.6,False
2024-10-31,2024,10,Oct,Primavera,Cordoba,20.8,41.1,8.8,18.1,True
2024-11-01,2024,11,Nov,Primavera,Cordoba,19.6,50.9,0.0,18.4,False
2024-11-02,2024,11,Nov,Primavera,Cordoba,19.4,58.6,0.0,18.5,False
2024-11-03,2024,11,Nov,Primavera,Cordoba,21.9,45.2,3.6,12.5,True
2024-11-04,2024,11,Nov,Primavera,Cordoba,21.5,64.7,0.0,6.8,False
2024-11-05,2024,11,Nov,Primavera,Cordoba,22.5,63.9,14.5,17.8,True
2024-11-06,2024,11,Nov,Primavera,Cordoba,23.5,69.3,0.0,15.5,False
2024-11-07,2024,11,Nov,Primavera,Cordoba,23.6,54.2,0.0,14.1,False
2024-11-08,2024,11,Nov,Primavera,Cordoba,25.4,49.0,0.0,17.0,False
2024-11-09,2024,11,Nov,Primavera,Cordoba,18.6,55.8,43.5,15.3,True
2024-11-10,2024,11,Nov,Primavera,Cordoba,23.2,59.9,0.0,13.6,False
2024-11-11,2024,11,Nov,Primavera,Cordoba,20.5,62.3,0.0,21.0,False
2024-11-12,2024,11,Nov,Primavera,Cordoba,26.5,52.7,0.0,6.1,False
2024-11-13,2024,11,Nov,Primavera,Cordoba,24.2,55.8,0.0,7.9,False
2024-11-14,2024,11,Nov,Primavera,Cordoba,23.7,45.5,0.0,19.7,False
2024-11-15,2024,11,Nov,Primavera,Cordoba,23.7,50.8,0.0,22.0,False
2024-11-16,2024,11,Nov,Primavera,Cordoba,23.7,56.1,0.0,8.1,False
2024-11-17,2024,11,Nov,Primavera,Cordoba,29.7,43.5,0.0,12.1,False
2024-11-18,2024,11,Nov,Primavera,Cordoba,24.0,50.6,0.0,3.6,False
2024-11-19,2024,11,Nov,Primavera,Cordoba,25.7,45.7,0.0,13.1,False
2024-11-20,2024,11,Nov,Primavera,Cordoba,20.9,57.1,0.0,13.0,False
2024-11-21,2024,11,Nov,Primavera,Cordoba,24.0,44.8,0.0,17.1,False
2024-11-22,2024,11,Nov,Primavera,Cordoba,24.3,58.5,0.0,21.2,False
2024-11-23,2024,11,Nov,Primavera,Cordoba,23.6,50.4,29.6,11.1,True
2024-11-24,2024,11,Nov,Primavera,Cordoba,24.8,54.3,0.0,12.8,False
2024-11-25,2024,11,Nov,Primavera,Cordoba,22.5,50.3,0.0,4.7,False
2024-11-26,2024,11,Nov,Primavera,Cordoba,20.6,48.0,0.0,6.8,False
2024-11-27,2024,11,Nov,Primavera,Cordoba,22.2,47.7,0.0,11.9,False
2024-11-28,2024,11,Nov,Primavera,Cordoba,27.6,42.4,1.9,11.7,True
2024-11-29,2024,11,Nov,Primavera,Cordoba,25.5,46.3,0.7,11.8,True
2024-11-30,2024,11,Nov,Primavera,Cordoba,20.6,50.2,0.0,11.8,False
2024-12-01,2024,12,Dec,Verano,Cordoba,25.7,52.8,7.8,30.2,True
2024-12-02,2024,12,Dec,Verano,Cordoba,24.9,37.1,4.9,19.5,True
2024-12-04,2024,12,Dec,Verano,Cordoba,26.6,64.3,0.0,16.9,False
2024-12-06,2024,12,Dec,Verano,Cordoba,28.0,47.1,0.0,15.2,False
2024-12-07,2024,12,Dec,Verano,Cordoba,29.5,61.0,0.0,13.6,False
2024-12-08,2024,12,Dec,Verano,Cordoba,25.2,59.4,0.0,23.4,False
2024-12-09,2024,12,Dec,Verano,Cordoba,25.4,49.0,0.0,12.2,False
2024-12-10,2024,12,Dec,Verano,Cordoba,26.6,40.8,0.0,27.3,False
2024-12-12,2024,12,Dec,Verano,Cordoba,24.3,54.0,0.0,10.5,False
2024-12-13,2024,12,Dec,Verano,Cordoba,24.5,45.9,0.0,10.8,False
2024-12-14,2024,12,Dec,Verano,Cordoba,27.3,49.2,0.0,7.4,False
2024-12-15,2024,12,Dec,Verano,Cordoba,27.1,60.4,0.0,10.9,False
2024-12-16,2024,12,Dec,Verano,Cordoba,26.9,43.9,0.0,10.8,False
2024-12-17,2024,12,Dec,Verano,Cordoba,27.8,41.8,16.6,18.1,True
2024-12-18,2024,12,Dec,Verano,Cordoba,25.0,43.4,16.4,17.2,True
2024-12-19,2024,12,Dec,Verano,Cordoba,29.6,45.4,0.0,16.8,False
2024-12-20,2024,12,Dec,Verano,Cordoba,25.4,48.4,0.0,8.4,False
2024-12-21,2024,12,Dec,Verano,Cordoba,25.6,52.8,0.0,12.9,False
2024-12-22,2024,12,Dec,Verano,Cordoba,30.6,48.7,5.3,25.6,True
2024-12-23,2024,12,Dec,Verano,Cordoba,24.1,59.7,0.2,11.8,True
2024-12-24,2024,12,Dec,Verano,Cordoba,26.0,41.4,0.0,8.2,False
2024-12-26,2024,12,Dec,Verano,Cordoba,22.8,64.1,0.0,4.7,False
2024-12-27,2024,12,Dec,Verano,Cordoba,26.8,52.2,0.0,8.6,False
2024-12-28,2024,12,Dec,Verano,Cordoba,26.6,41.2,0.0,22.6,False
2024-12-29,2024,12,Dec,Verano,Cordoba,26.2,52.8,0.0,11.3,False
2024-12-31,2024,12,Dec,Verano,Cordoba,27.3,62.4,0.0,14.8,False
